INSERT INTO `systems` (`id`, `idSystem`, `name`, `value`) VALUES
('1', '1', 'smsAlertThreshold', 'TTQTMT thong bao: Tram $TENTRAM co chi so $SENSORS vuot nguong an toan. De nghi a/c phu trach tram kiem tra lai. Tran trong!'),
('10', '1', 'emailAlertStructure', '<p>Kính gửi anh(chị) phụ trách theo dõi $TENTRAM!<p>\r\n</br>\r\n<p>$TRUNGTAM gửi email cảnh báo dữ liệu gửi về không đúng cấu trúc.Cụ thể:</p>\r\n</br>\r\n<p>- Tên trạm: $TENTRAM</p>\r\n<p>- Ký hiệu trạm: $KYHIEUTRAM</p>\r\n<p>- Lỗi quan trắc: $NHOMQUANTRAC</p>\r\n<p>- Lỗi: File ftp gửi về không đúng cấu trúc</p>\r\n</br>\r\n<p>Đề nghị anh(chị) theo dõi và rà soát lỗi dữ liệu gửi về của trạm $TENTRAM</p>\r\n</br>\r\n<p>Trân trọng,</p>\r\n<p>$TRUNGTAM</p>'),
('11', '1', 'titleEmailAlertBattery', 'Cảnh báo file truyền về không đúng cấu trúc'),
('12', '1', 'emailAlertBattery', NULL),
('13', '1', 'numberOfAlertSms', '5'),
('14', '1', 'numberOfAlertEmail', '5'),
('15', '1', 'alertSmsStatus', '0'),
('16', '1', 'alertEmailStatus', '0'),
('17', '1', 'paramThresholdFirstlevel', '5'),
('18', '1', 'paramThresholdSecondlevel', '10'),
('19', '1', 'paramDisconnectionFirstlevel', '60'),
('2', '1', 'smsAlertDisconnection', 'TTQTMT thong bao: Tram $TENTRAM khong truyen du lieu ve trung tam. De nghi a/c phu trach $TENTRAM kiem tra lai. Tran trong!'),
('20', '1', 'paramDisconnectionSecondlevel', '120'),
('21', '1', 'alertStructureStatus', '1'),
('22', '1', 'ftpserverStnmt', ''),
('23', '1', 'ftpusernameStnmt', ''),
('24', '1', 'ftppasswordStnmt', ''),
('25', '1', 'ftpserverBtnmt', '192.168.1.23'),
('26', '1', 'ftpusernameBtnmt', ''),
('27', '1', 'dirReceiveFtp', '/ArriveFiles'),
('28', '1', 'dirSaveFtp', '/DataFiles'),
('29', '1', 'dirWrongFtp', '/ErrorFiles'),
('3', '1', 'smsAlertStructure', 'TTQTMT thong bao: Tram $TENTRAM gui file du lieu khong dung cau truc. De nghi a/c phu trach $TENTRAM kiem tra lai. Tran trong!'),
('30', '1', 'upperThresholdColor', 'red'),
('31', '1', 'lowerThresholdColor', 'red'),
('32', '1', 'warningThresholdColor', 'red'),
('33', '1', 'safetyThresholdColor', 'green'),
('34', '1', 'mailServer', 'huutin25021993@gmail.com'),
('35', '1', 'mailPassword', ''),
('36', '1', 'mailServername', 'Trung tâm Quan trắc Môi trường'),
('37', '1', 'mailClientId', '590257600088-se1msnnvb9jd57nv3b8322f1mv1dm36r.apps.googleusercontent.com'),
('38', '1', 'mailClientSecret', 'ZELxuqPeJfL8MkEt9OLbz21h'),
('39', '1', 'mailRefreshToken', '1/EmmooZsWXI4mFEgbbGuUgUryTFnDMeu-bLsXP_Co5D8'),
('4', '1', 'smsAlertBattery', NULL),
('40', '1', 'mailAccessToken', 'ya29.GltrBxFxaGeWny8Xso2cXpTCuYTOSOniIe73I6UVrxm5YqomyYfSYuuEoLSTP6FiDG8TyPwn_fHz2My-AUPki0zXuwL0BqhtG65DRmMPssxyogARqDn2xhN1QbuL'),
('41', '1', 'smsServer', 'http://49.156.52.24:5993/SmsService.asmx'),
('42', '1', 'smsUsername', 'centic'),
('43', '1', 'smsPassword', 'oipd645xlcj7va5'),
('44', '1', 'ftpportStnmt', ''),
('45', '1', 'ftpusernameBtnmt', ''),
('46', '1', 'ftpportBtnmt', ''),
('5', '1', 'titleEmailAlertThreshold', 'Cảnh báo quan trắc vượt ngưỡng'),
('6', '1', 'emailAlertThreshold', '<p>Kính gửi anh(chị) phụ trách theo dõi $TENTRAM!<p>\r\n</br>\r\n<p>$TRUNGTAM gửi email cảnh báo vượt ngưỡng quan trắc môi trường.Cụ thể:</p>\r\n</br>\r\n<p>- Tên trạm: $TENTRAM</p>\r\n<p>- Ký hiệu trạm: $KYHIEUTRAM</p>\r\n<p>- Loại quan trắc: $NHOMQUANTRAC</p>\r\n<p>- Chỉ số vượt ngưỡng: $SENSORS</p>\r\n<p>- Thời gian đo: $THOIGIANDO</p>\r\n</br>\r\n<p>Đề nghị anh(chị) theo dõi và xử lý vượt ngưỡng tại trạm $TENTRAM</p>\r\n</br>\r\n<p>Trân trọng,</p> \r\n<p>$TRUNGTAM</p>'),
('7', '1', 'titleEmailAlertDisconnection', 'Cảnh báo Trạm không truyền số liệu'),
('8', '1', 'emailAlertDisconnectionn', '<p>Kính gửi anh(chị) phụ trách theo dõi $TENTRAM!<p>\r\n</br>\r\n<p>$TRUNGTAM gửi email cảnh báo Trạm không truyền dữ liệu.Cụ thể:</p>\r\n</br>\r\n<p>- Tên trạm: $TENTRAM</p>\r\n<p>- Ký hiệu trạm: $KYHIEUTRAM</p>\r\n<p>- Lỗi quan trắc: $NHOMQUANTRAC</p>\r\n<p>- Lỗi: Trạm không truyền dữ liệu về</p>\r\n</br>\r\n<p>Đề nghị anh(chị) theo dõi và rà soát lại dữ liệu gửi về của trạm $TENTRAM</p>\r\n</br>\r\n<p>Trân trọng,</p>\r\n<p>$TRUNGTAM</p>'),
('9', '1', 'titleEmailAlertStructure', 'Cảnh báo file truyền về không đúng cấu trúc');

INSERT INTO `monitoring_types` (`id`, `name`, `symbol`, `description`, `deletedAt`, `createdAt`, `updatedAt`) VALUES
('QTK', 'Quan trắc không khí', 'QTK', '', NULL, '2020-06-17 10:56:48', '2020-06-17 10:56:48'),
('QTN', 'Quan trắc nước', 'QTN', '', NULL, '2020-06-17 10:56:48', '2020-06-17 10:56:48');

INSERT INTO `monitoring_groups` (`id`, `name`, `monitoringType`, `symbol`, `description`, `deletedAt`, `createdAt`, `updatedAt`) VALUES
('257y88dihVoP0t7lnPV0', 'Quan trắc nước biển', 'QTN', 'QTNB', 'Quan trắc nước biển', NULL, '2020-06-17 06:59:38', '2020-06-17 06:59:38'),
('8kYSsfV5O1LXlEM616vh', 'Quan trắc nước kênh', 'QTN', 'QTNK', 'Quan trắc nước kênh', NULL, '2020-06-17 07:24:58', '2020-06-17 07:24:58'),
('96uhrqbLC02Q9tjMwPbH', 'Quan trắc khí thải', 'QTK', 'QTKT', 'Quan trắc khí thải tại các khu công nghiệp', NULL, '2020-06-17 10:56:48', '2020-06-17 10:56:48'),
('beTbLaY3J5iLyA2H3GeR', 'Quan trắc nước sinh hoạt', 'QTN', 'QTNSH', 'Quan trắc nước sinh hoạt trong hộ gia đình', NULL, '2020-06-17 10:56:48', '2020-06-17 10:56:48'),
('cNH7rGlPAQzEVsdLaopE', 'Quan trắc nước mặt', 'QTN', 'QTNM', 'Quan trắc nước mặt, sông suối, ao hồ', NULL, '2020-06-17 10:56:48', '2020-06-17 10:56:48'),
('iCXwberyd08CDMLPEPtI', 'Quan trắc khí xung quanh', 'QTK', 'QTKXQ', 'Quan trắc khí xung quanh đô thị, đường phố	', NULL, '2020-06-17 10:56:48', '2020-06-17 10:56:48'),
('p1R0HGiFGdyZFBuLse5b', 'Quan trắc nước ngầm', 'QTN', 'QTNN', 'Quan trắc nước ngầm', NULL, '2020-06-17 10:56:48', '2020-06-17 10:56:48'),
('pVZXXF6m4EHwn3VhohRL', 'Quan trắc nước sông', 'QTN', 'QTNS', 'Quan trắc nước sông', NULL, '2020-06-17 08:17:34', '2020-06-17 08:17:34'),
('XTuSjubAZ2OZPiZg4zpc', 'Quan trắc nước thải', 'QTN', 'QTNT', 'Quan trắc nước thải', NULL, '2020-06-17 10:56:48', '2020-06-17 10:56:48');

INSERT INTO `districts` (`id`, `name`, `symbol`) VALUES
('11BT7sDLvwZYZT161Mex', 'Quận 1', 'QUAN1'),
('22BT7sDLvwZYZT161Mex', 'Quận 2', 'QUAN2'),
('33BT7sDLvwZYZT161Mex', 'Quận 3', 'QUAN3'),
('44BT7sDLvwZYZT161Mex', 'Quận 4', 'QUAN4'),
('55BT7sDLvwZYZT161Mex', 'Quận 5', 'QUAN5'),
('66BT7sDLvwZYZT161Mex', 'Quận 6', 'QUAN6'),
('77BT7sDLvwZYZT161Mex', 'Quận 7', 'QUAN7'),
('88BT7sDLvwZYZT161Mex', 'Quận 8', 'QUAN8'),
('99BT7sDLvwZYZT161Mex', 'Quận 9', 'QUAN9'),
('aaBT7sDLvwZYZT161Mex', 'Quận 10', 'QUAN10'),
('bbBT7sDLvwZYZT161Mex', 'Quận 11', 'QUAN11'),
('ccBT7sDLvwZYZT161Mex', 'Quận 12', 'QUAN12'),
('ddBT7sDLvwZYZT161Mex', 'Quận Bình Tân', 'QUANBINHTAN'),
('eeBT7sDLvwZYZT161Mex', 'Quận Bình Thạnh', 'QUANBINHTHANH'),
('ffBT7sDLvwZYZT161Mex', 'Quận Gò Vấp', 'QUANGOVAP'),
('ggBT7sDLvwZYZT161Mex', 'Quận Tân Bình', 'QUANTANBINH'),
('hhBT7sDLvwZYZT161Mex', 'Quận Phú Nhuận', 'QUANPHUNHUAN'),
('iiBT7sDLvwZYZT161Mex', 'Quận Tân Phú', 'QUANTANPHU'),
('nnBT7sDLvwZYZT161Mex', 'Huyện Hóc Môn', 'HUYENHOCMON'),
('ooBT7sDLvwZYZT161Mex', 'Quận Thủ Đức', 'QUANTHUDUC'),
('ppBT7sDLvwZYZT161Mex', 'Huyện Bình Chánh', 'HUYENBINHCHANH'),
('ttBT7sDLvwZYZT161Mex', 'Huyện Củ Chi', 'HUYENCUCHI'),
('yyBT7sDLvwZYZT161Mex', 'Huyện Cần Giờ', 'HUYENCANGIO'),
('zzBT7sDLvwZYZT161Mex', 'Huyện Nhà Bè', 'HUYENNHABE');

INSERT INTO `indicators` (`id`, `name`, `monitoringType`, `symbol`, `unit`, `description`, `deletedAt`, `createdAt`, `updatedAt`) VALUES
('0cxS4VcRuaS17F7vhN0D', 'TMP', 'QTK', 'TMP', 'oC', '', NULL, '2020-06-17 10:56:48', '2020-06-17 10:56:48'),
('1GW2K4hZhfaaMeHQMJqA', 'Mangan', 'QTN', 'Mn', 'mg/l', '', NULL, '2020-06-18 04:02:48', '2020-06-18 04:02:48'),
('1VShp3DqGd9NSLLbavBK', 'Nhiệt độ', 'QTN', 'Temp', 'oC', 'Nhiệt độ', NULL, '2020-06-17 10:56:48', '2020-06-17 10:56:48'),
('2N5hl8EUsQHBYvNMSozb', 'Mức nước', 'QTN', 'WATER_LEVEL', 'm', '', NULL, '2020-06-17 10:56:48', '2020-06-17 10:56:48'),
('3ukgdzp14hHjZrXxLPuI', 'TP', 'QTN', 'TP', 'mg/l', '', NULL, '2020-06-17 10:56:48', '2020-06-17 10:56:48'),
('4D0NL6MYCb4Cs3Nw6ybU', 'Tổng Dichloro diphenyl trichloroethane', 'QTN', 'DDT', 'mg/l', '', NULL, '2020-06-18 04:05:28', '2020-06-18 04:05:28'),
('56GgjhXp43IIxoRFc7Yl', 'Hư?ng gió', 'QTK', 'WD', 'Deg', 'Hướng gió', NULL, '2020-06-17 10:56:48', '2020-06-17 10:56:48'),
('5cYj2g8R35PBmDgbTOM2', 'SS_REAL', 'QTN', 'SS_REAL', 'mg/l', '', NULL, '2020-06-17 10:56:48', '2020-06-17 10:56:48'),
('7fyRxC2DjV4O4QFUUeIT', 'TSP', 'QTK', 'TSP', 'mg/Nm3', '', NULL, '2020-06-17 10:56:48', '2020-06-17 10:56:48'),
('7PiMRCiu3UkuYpPOdHTJ', 'FLOW_DAUVAO', 'QTN', 'FLOW_DAUVAO', 'm3/h', '', NULL, '2020-06-17 10:56:48', '2020-06-17 10:56:48'),
('88Zq7YzFoCu2J7m1jGwK', 'Tổng Cr', 'QTN', 'Total_Cr', 'mg/l', '', NULL, '2020-06-18 03:41:24', '2020-06-18 03:41:24'),
('ahrqa4a5lz2WjgQuZm92', 'Phosphat', 'QTN', 'PO4', 'mg/l', '', NULL, '2020-06-18 03:35:43', '2020-06-18 03:35:43'),
('bKQCfwFLq7SZ1U8iX0iC', 'COD', 'QTN', 'COD', 'mg/l', 'Nồng độ COD', NULL, '2020-06-17 10:56:48', '2020-06-17 10:56:48'),
('bX3NIa4JEuOvuurqk0Nh', 'Nitrat', 'QTN', 'NO3', 'mg/l', '', NULL, '2020-06-18 03:35:13', '2020-06-18 03:35:13'),
('cG9JKyEPHje5zVi1wIAl', 'Florua', 'QTN', 'F-', 'mg/l', '', NULL, '2020-06-18 03:34:30', '2020-06-18 03:34:30'),
('cLEtKPGFPGXWiyn0wAiA', 'PM2.5', 'QTK', 'PM25', 'PPM', '', NULL, '2020-06-17 10:56:48', '2020-06-17 10:56:48'),
('dIYhGDk2xMZyJeXFftmp', 'Chì', 'QTN', 'Pb', 'mg/l', '', NULL, '2020-06-18 03:39:13', '2020-06-18 03:39:13'),
('eEDSGcTsBKCigu1PODrv', 'Niken', 'QTN', 'Ni', 'mg/l', '', NULL, '2020-06-18 03:42:05', '2020-06-18 03:42:05'),
('Egs4JUf3Ltwk1q7sjQum', 'DoMau', 'QTN', 'DoMau', 'pt-co', '', NULL, '2020-06-17 10:56:48', '2020-06-17 10:56:48'),
('emyzT0NiSVNQRnJzbDBC', 'Ozon', 'QTK', 'O3', 'PPM', '', NULL, '2020-06-17 10:56:48', '2020-06-17 10:56:48'),
('ERWI2xnr8waFWJKA1anW', 'Temp', 'QTN', 'NHIETDO', 'oC', '', NULL, '2020-06-17 10:56:48', '2020-06-17 10:56:48'),
('fI8Dfk3eN0eEOQ6nz3Di', 'SO2', 'QTK', 'SO2', 'PPM', 'SO2', NULL, '2020-06-17 10:56:48', '2020-06-17 10:56:48'),
('FMHn8rRoZPv961gyEnoU', 'MUCNUOC_NN', 'QTN', 'MUCNUOC_NN', 'm', '', NULL, '2020-06-17 10:56:48', '2020-06-17 10:56:48'),
('fsrGyPMwi6luUAk8wJ1I', 'SANTILITY', 'QTN', 'SANTILITY', 'mg/l', '', NULL, '2020-06-17 10:56:48', '2020-06-17 10:56:48'),
('fuA1sKRCJIomxi009VfC', 'Photphates', 'QTN', 'Photphates', 'mg/l', '', NULL, '2020-06-17 10:56:48', '2020-06-17 10:56:48'),
('G1s0xtVYDjAIulIzEIdH', 'E.coli', 'QTN', 'ECOLI', 'MPN/ 100 ml', '', NULL, '2020-06-18 04:06:46', '2020-06-18 04:06:46'),
('gc5E6tnLQxSwJVYaKeWU', 'BOD5', 'QTN', 'BOD5', 'mg/l', '', NULL, '2020-06-18 04:15:52', '2020-06-18 04:15:52'),
('HMdhlulrYzviyeAmSevW', 'NO2', 'QTK', 'NO2', 'PPM', 'NO2', NULL, '2020-06-17 10:56:48', '2020-06-17 10:56:48'),
('HZRtXK5QYiUGjgO7NRZy', 'Tốc độ gió giật', 'QTK', 'WSG', 'kph', 'Tốc độ gió giật', NULL, '2020-06-17 10:56:48', '2020-06-17 10:56:48'),
('i26vWIyFl05Ecujsn5BR', 'PM10', 'QTK', 'PM10', 'PPM', '', NULL, '2020-06-17 10:56:48', '2020-06-17 10:56:48'),
('IbSwMP8zlsyd4eWE484P', 'Crom VI', 'QTN', 'Cr', 'mg/l', '', NULL, '2020-06-18 03:41:02', '2020-06-18 03:41:02'),
('ir5Np4V7Dxe6PUDleNSX', 'LUULUONG_NN', 'QTN', 'LUULUONG_NN', 'm3/h', '', NULL, '2020-06-17 10:56:48', '2020-06-17 10:56:48'),
('iRoaQuyxlRgwLQARlC5G', 'Thủy ngân', 'QTN', 'Hg', 'mg/l', '', NULL, '2020-06-18 04:03:07', '2020-06-18 04:03:07'),
('J0ZJ4wGE1K9b1yWPA1AA', 'DO', 'QTN', 'DO', 'mg/l', 'Nồng độ DO', NULL, '2020-06-17 10:56:48', '2020-06-17 10:56:48'),
('jk78iSWiVpmaTPr2Zb0r', 'CONDUCTIVITY', 'QTN', 'CONDUCTIVITY', 'uS/cm', '', NULL, '2020-06-17 10:56:48', '2020-06-17 10:56:48'),
('JncWfToHE1PQCqcxa3WB', 'Flow', 'QTN', 'Flow', 'm3/h', '', NULL, '2020-06-17 10:56:48', '2020-06-17 10:56:48'),
('JT2kQsTtCtdif99mnJ14', 'FLOW_INTOTAL', 'QTN', 'FLOW_INTOTAL', 'm3', '', NULL, '2020-06-17 10:56:48', '2020-06-17 10:56:48'),
('jtam7JVsjep5EJEs8fn7', 'FL_OUT', 'QTN', 'FL_OUT', 'm3/h', '', NULL, '2020-06-17 10:56:48', '2020-06-17 10:56:48'),
('jxOsTimJ3R0HaM1yKPKv', 'COD_REAL', 'QTN', 'COD_REAL', 'mg/l', '', NULL, '2020-06-17 10:56:48', '2020-06-17 10:56:48'),
('K1dCoudxrIJHIuxy7FFT', 'Nhiệt độ_KT', 'QTK', 'NHIETDO_KHITHAI', 'oC', '', NULL, '2020-06-17 10:56:48', '2020-06-17 10:56:48'),
('K9Qk76PktTkKLLsFjOjl', 'TN', 'QTN', 'TN', 'mg/l', '', NULL, '2020-06-17 10:56:48', '2020-06-17 10:56:48'),
('KmlHMtZIJNk11JAe0CyM', 'TiengOn', 'QTK', 'TiengOn', '', '', NULL, '2020-06-17 09:48:49', '2020-06-17 15:43:15'),
('Lfbfh2vAUjNAcvki3JP5', 'Tốc độ gió', 'QTK', 'WS', 'kph', 'Tốc độ gió', NULL, '2020-06-17 10:56:48', '2020-06-17 10:56:48'),
('LgVUIVDaFcbrqPBn44vc', 'Áp suất', 'QTK', 'PRESS', 'PA', 'Áp suất', NULL, '2020-06-17 10:56:48', '2020-06-17 10:56:48'),
('lLulsTHFNng46IdGKhzn', 'AMONI', 'QTN', 'AMONI', 'mg/l', '', NULL, '2020-06-17 10:56:48', '2020-06-17 10:56:48'),
('LO27zW7EG51OT0NvioAM', 'Độ ẩm', 'QTK', 'HUMI', '%', '', NULL, '2020-06-17 10:56:48', '2020-06-17 10:56:48'),
('lygl115ZhbwHtFFcfZ1o', 'PM4.0', 'QTK', 'PM4', 'PPM', '', NULL, '2020-06-17 10:56:48', '2020-06-17 10:56:48'),
('M1CSg2lUk9hDwE4N3lSK', 'FL_IN', 'QTN', 'FL_IN', 'm3/h', '', NULL, '2020-06-17 10:56:48', '2020-06-17 10:56:48'),
('m9Bgth2ILQle2nJo5Qzi', 'CO', 'QTK', 'CO', 'PPM', '', NULL, '2020-06-17 10:56:48', '2020-06-17 10:56:48'),
('msNtUqEPIkyYuF2KDYn3', 'Dieldrin', 'QTN', 'Diel', 'mg/l', '', NULL, '2020-06-18 04:05:08', '2020-06-18 04:05:08'),
('OZbgyYv13Sjou0m9yQXU', 'BOD_REAL', 'QTN', 'BOD_REAL', 'mg/l', '', NULL, '2020-06-17 10:56:48', '2020-06-17 10:56:48'),
('PtEc5ND5ypHigtFAnCUO', 'FLOW_OUTTOTAL', 'QTN', 'FLOW_OUTTOTAL', 'm3/h', '', NULL, '2020-06-17 10:56:48', '2020-06-17 10:56:48'),
('q4uOOkJsYMfo8f7drMLn', 'Aldrin', 'QTN', 'Aldrin', 'mg/l', '', NULL, '2020-06-18 04:04:09', '2020-06-18 04:04:09'),
('QTwS5uidRRmwlsPmS11g', 'pH', 'QTN', 'pH', 'Nồng độ', 'PH', NULL, '2020-06-17 10:56:48', '2020-06-17 10:56:48'),
('rUxjQ1SgJhUOJivwYwwA', 'Nitrit', 'QTN', 'NO2', 'mg/l', '', NULL, '2020-06-18 04:20:19', '2020-06-18 04:20:26'),
('S4RaxtZZ6M66GJ7bTDl5', 'Xyanua', 'QTN', 'CN-', 'mg/l', '', NULL, '2020-06-18 03:25:04', '2020-06-18 03:25:04'),
('sldZ6xPLVMHf1HfhMTW1', 'TSS', 'QTN', 'TSS', 'mg/l', 'Nồng độ TSS', NULL, '2020-06-17 10:56:48', '2020-06-17 10:56:48'),
('sqGPSmTzohXJ1KBV81Ov', 'PH_REAL', 'QTN', 'PH_REAL', '', '', NULL, '2020-06-17 10:56:48', '2020-06-17 10:56:48'),
('UMuJlXJNv1Z9l5rqt7wa', 'Sắt', 'QTN', 'Fe', 'mg/l', '', NULL, '2020-06-18 04:03:15', '2020-06-18 04:03:15'),
('vEqph5mgGSxZDt3tVIR8', 'PM1.0', 'QTK', 'PM1', 'PPM', '', NULL, '2020-06-17 10:56:48', '2020-06-17 10:56:48'),
('VlAM50J3PMYxFkmOC2t4', 'Lưu lượng_KT', 'QTK', 'LUULUONG_KHITHAI', 'm3/h', '', NULL, '2020-06-17 10:56:48', '2020-06-17 10:56:48'),
('vUkPvRl0hMNTzeNRDiI2', 'Flow', 'QTN', 'Flow', 'm3/h', '', NULL, '2020-06-17 10:56:48', '2020-06-17 10:56:48'),
('wpMTAZLKUmYHFbZ6oRwy', 'NH4', 'QTN', 'NH4', 'mg/l', 'Nồng độ amoniac trong nước', NULL, '2020-06-17 10:56:48', '2020-06-17 10:56:48'),
('Wq7CFl3Hjl3Y4EX9xMfL', 'Cadimi', 'QTN', 'Cd', 'mg/l', '', NULL, '2020-06-18 03:38:54', '2020-06-18 03:38:54'),
('X3cCmfEBWSSay369YrHT', 'Benzene hexachloride', 'QTN', 'BHC', 'mg/l', '', NULL, '2020-06-18 04:04:28', '2020-06-18 04:04:28'),
('y1Cm4IWOOTgDBPkSnmWi', 'Đồng', 'QTN', 'Cu', 'mg/l', '', NULL, '2020-06-18 03:41:39', '2020-06-18 03:41:39'),
('Yb7XPS06OCKwqIPa9waw', 'Hướng gió giật', 'QTK', 'WDG', 'Deg', 'Hướng gió giật', NULL, '2020-06-17 10:56:48', '2020-06-17 10:56:48'),
('z4yQlxm1OSRua32UPcqe', 'NITRATE', 'QTN', 'NITRATE', 'mg/l', '', NULL, '2020-06-17 10:56:48', '2020-06-17 10:56:48'),
('ZF6oDiJyafvgJbbTQOdT', 'Asen', 'QTN', 'As', 'mg/l', '', NULL, '2020-06-18 03:38:43', '2020-06-18 03:38:43'),
('zKVR9DisBXFATy4HtBMv', 'Kẽm', 'QTN', 'Zn', 'mg/l', '', NULL, '2020-06-18 03:41:53', '2020-06-18 03:41:53'),
('ZN2B2YjFgnFjyp1g4BRy', 'Coliform', 'QTN', 'Coliform', 'MPN/ 100 ml', '', NULL, '2020-06-18 04:06:17', '2020-06-18 04:06:17'),
('Zs7C4VuVK9cgRLBnQUXf', 'Clorua', 'QTN', 'Cl-', 'mg/l', '', NULL, '2020-06-18 03:34:19', '2020-06-18 03:34:19');

INSERT INTO `indicator_threshold` (`id`, `monitoringType`, `indicatorId`, `monitoringGroupId`, `upperLimit`, `lowerLimit`, `safetyDescription`, `overThresholdDescription`, `deletedAt`, `createdAt`, `updatedAt`) VALUES
('09R5hlkXcxoa1dkcn2is', 'QTN', 'ZF6oDiJyafvgJbbTQOdT', 'p1R0HGiFGdyZFBuLse5b', 0.01, 0, '', '', NULL, '2020-06-18 04:22:47', '2020-06-18 04:22:47'),
('1Q76GpoI8KEasqLn2rie', 'QTK', 'VlAM50J3PMYxFkmOC2t4', '96uhrqbLC02Q9tjMwPbH', 10000, 0, '', '', NULL, '2020-06-17 10:56:48', '2020-06-17 10:56:48'),
('1t1QcWJUFTP2JgqC7Pqg', 'QTN', 'KmlHMtZIJNk11JAe0CyM', 'iCXwberyd08CDMLPEPtI', 100, 0, '', '', NULL, '2020-06-17 09:52:38', '2020-06-17 09:52:38'),
('1waEFVNg8yKesmaemKNC', 'QTN', 'ahrqa4a5lz2WjgQuZm92', 'p1R0HGiFGdyZFBuLse5b', 0.1, 0, '', '', NULL, '2020-06-18 04:21:56', '2020-06-18 04:21:56'),
('3rIOV4YPUWuhtdTZQ700', 'QTN', 'jtam7JVsjep5EJEs8fn7', 'XTuSjubAZ2OZPiZg4zpc', 100, 0, '', '', NULL, '2020-06-17 10:56:48', '2020-06-17 10:56:48'),
('3uJwGIRPOAoX1wS73dm9', 'QTN', 'zKVR9DisBXFATy4HtBMv', 'p1R0HGiFGdyZFBuLse5b', 0.5, 0, '', '', NULL, '2020-06-18 04:25:06', '2020-06-18 04:25:06'),
('3xKWkUUARmwnO41tfPoo', 'QTK', 'Lfbfh2vAUjNAcvki3JP5', 'iCXwberyd08CDMLPEPtI', 30000, 0, '', '', NULL, '2020-06-17 10:56:48', '2020-06-17 10:56:48'),
('4BH9wJOo09Y1DG4AzwAU', 'QTN', 'G1s0xtVYDjAIulIzEIdH', 'p1R0HGiFGdyZFBuLse5b', 20, 0, '', '', NULL, '2020-06-18 04:28:45', '2020-06-18 04:28:45'),
('5eUmTnzcrluFwkwQSVV7', 'QTK', 'lygl115ZhbwHtFFcfZ1o', '96uhrqbLC02Q9tjMwPbH', 30000, 0, '', '', NULL, '2020-06-17 10:56:48', '2020-06-17 10:56:48'),
('5J9hAe14XiwOBZoTeWuU', 'QTN', '7PiMRCiu3UkuYpPOdHTJ', 'XTuSjubAZ2OZPiZg4zpc', 100, 0, '', '', NULL, '2020-06-17 10:56:48', '2020-06-17 10:56:48'),
('5u4DxrnzIM4BItmls5Wv', 'QTK', 'vEqph5mgGSxZDt3tVIR8', 'iCXwberyd08CDMLPEPtI', 30000, 0, '', '', NULL, '2020-06-17 10:56:48', '2020-06-17 10:56:48'),
('60x1Bn4ZaxBsMXuPKVJl', 'QTK', '0cxS4VcRuaS17F7vhN0D', '96uhrqbLC02Q9tjMwPbH', 40, 20, 'Nhiệt độ vùng an toàn', 'Nhiệt độ vùng cảnh báo', NULL, '2020-06-17 10:56:48', '2020-06-17 10:56:48'),
('69mrVqszMv0TgtADWMWc', 'QTN', 'ZN2B2YjFgnFjyp1g4BRy', 'p1R0HGiFGdyZFBuLse5b', 2500, 0, '', '', NULL, '2020-06-18 04:28:29', '2020-06-18 04:28:29'),
('71Rxs4QALH3qOBAAM6Kg', 'QTN', 'sldZ6xPLVMHf1HfhMTW1', 'cNH7rGlPAQzEVsdLaopE', 100, 0, 'TSS trong vùng an toàn', 'TSS trong vùng cảnh báo', NULL, '2020-06-17 10:56:48', '2020-06-17 10:56:48'),
('73FtA3hc2rrbXZERvCAx', 'QTN', 'lLulsTHFNng46IdGKhzn', 'XTuSjubAZ2OZPiZg4zpc', 100, 0, '', '', NULL, '2020-06-17 10:56:48', '2020-06-17 10:56:48'),
('7uilbmBQxeZztximaVnf', 'QTN', 'X3cCmfEBWSSay369YrHT', 'p1R0HGiFGdyZFBuLse5b', 0.02, 0, '', '', NULL, '2020-06-18 04:27:48', '2020-06-18 04:27:48'),
('882WqL4KFrqNYlVEqLVn', 'QTK', 'LgVUIVDaFcbrqPBn44vc', '96uhrqbLC02Q9tjMwPbH', 300000, 0, '', '', NULL, '2020-06-17 10:56:48', '2020-06-17 10:56:48'),
('8zaGv3SvhiU5VC4aecye', 'QTN', 'wpMTAZLKUmYHFbZ6oRwy', 'cNH7rGlPAQzEVsdLaopE', 3, 0, 'NH4+N trong vùng an toàn', 'NH4+N trong vùng cảnh báo', NULL, '2020-06-17 10:56:48', '2020-06-17 10:56:48'),
('a4hfyus1e4GXirP3bWZG', 'QTK', 'cLEtKPGFPGXWiyn0wAiA', '96uhrqbLC02Q9tjMwPbH', 30000, 0, '', '', NULL, '2020-06-17 10:56:48', '2020-06-17 10:56:48'),
('A6A4tJLDuyB0n6nENAGk', 'QTN', 'wpMTAZLKUmYHFbZ6oRwy', 'p1R0HGiFGdyZFBuLse5b', 0.3, 0, '', '', NULL, '2020-06-18 04:17:43', '2020-06-18 04:17:43'),
('Ad9YryL52eqm6747CUwa', 'QTN', 'IbSwMP8zlsyd4eWE484P', 'p1R0HGiFGdyZFBuLse5b', 0.01, 0, '', '', NULL, '2020-06-18 04:24:02', '2020-06-18 04:24:02'),
('AVFxZuh6YtPV7MRB0GCU', 'QTN', '5cYj2g8R35PBmDgbTOM2', 'cNH7rGlPAQzEVsdLaopE', 100, 0, '', '', NULL, '2020-06-17 10:56:48', '2020-06-17 10:56:48'),
('aVR6fzpEwpz5yZOu7s7F', 'QTN', 'Wq7CFl3Hjl3Y4EX9xMfL', 'p1R0HGiFGdyZFBuLse5b', 0.005, 0, '', '', NULL, '2020-06-18 04:23:12', '2020-06-18 04:23:12'),
('BDrB8uuJMgZAmNEbNxgs', 'QTN', 'M1CSg2lUk9hDwE4N3lSK', 'XTuSjubAZ2OZPiZg4zpc', 100, 0, '', '', NULL, '2020-06-17 10:56:48', '2020-06-17 10:56:48'),
('BFOnUnuhJz3evxksQ9Ya', 'QTK', 'LgVUIVDaFcbrqPBn44vc', 'iCXwberyd08CDMLPEPtI', 300000, 0, '', '', NULL, '2020-06-17 10:56:48', '2020-06-17 10:56:48'),
('bI6G8K6pskGVxsNEKbHY', 'QTN', '88Zq7YzFoCu2J7m1jGwK', 'p1R0HGiFGdyZFBuLse5b', 0.05, 0, '', '', NULL, '2020-06-18 04:24:28', '2020-06-18 04:24:28'),
('BKE734wFOq98x1zoUVTN', 'QTN', 'wpMTAZLKUmYHFbZ6oRwy', 'XTuSjubAZ2OZPiZg4zpc', 3, 0, 'NH4+N trong vùng an toàn', 'NH4+N trong vùng cảnh báo', NULL, '2020-06-17 10:56:48', '2020-06-17 10:56:48'),
('BoY1nfMTc5o1J4WnELyC', 'QTK', 'HMdhlulrYzviyeAmSevW', '96uhrqbLC02Q9tjMwPbH', 30000, 0, '', '', NULL, '2020-06-17 10:56:48', '2020-06-17 10:56:48'),
('bwUgYCHaTPg0qPvKW7zT', 'QTK', 'Yb7XPS06OCKwqIPa9waw', 'iCXwberyd08CDMLPEPtI', 30000, 0, '', '', NULL, '2020-06-17 10:56:48', '2020-06-17 10:56:48'),
('CkUyv12M0vPKhTHky0Qh', 'QTK', 'LO27zW7EG51OT0NvioAM', '96uhrqbLC02Q9tjMwPbH', 30000, 0, '', '', NULL, '2020-06-17 10:56:48', '2020-06-17 10:56:48'),
('cUsyCdY0nnlPaUdotVnx', 'QTN', 'rUxjQ1SgJhUOJivwYwwA', 'p1R0HGiFGdyZFBuLse5b', 0.05, 0, '', '', NULL, '2020-06-18 04:21:16', '2020-06-18 04:21:16'),
('cxzdpT6QupTx4skTu25k', 'QTK', 'K1dCoudxrIJHIuxy7FFT', '96uhrqbLC02Q9tjMwPbH', 100, 0, '', '', NULL, '2020-06-17 10:56:48', '2020-06-17 10:56:48'),
('d3VlmRapsh4Fx3O1raIm', 'QTN', 'QTwS5uidRRmwlsPmS11g', 'XTuSjubAZ2OZPiZg4zpc', 9, 5.5, 'PH trong vùng an toàn', 'PH trong vùng cảnh báo', NULL, '2020-06-17 10:56:48', '2020-06-17 10:56:48'),
('d3zPRPOo9YuoGKO9PHIz', 'QTK', 'emyzT0NiSVNQRnJzbDBC', '96uhrqbLC02Q9tjMwPbH', 30000, 0, '', '', NULL, '2020-06-17 10:56:48', '2020-06-17 10:56:48'),
('DEhKeW6c5U76C5bMIwrA', 'QTN', 'QTwS5uidRRmwlsPmS11g', 'pVZXXF6m4EHwn3VhohRL', 12, 6, '', '', NULL, '2020-06-17 08:18:18', '2020-06-17 08:18:18'),
('DK79An7cvaER6qEicvYh', 'QTK', '56GgjhXp43IIxoRFc7Yl', '96uhrqbLC02Q9tjMwPbH', 30000, 0, 'Hướng gió vùng an toàn', 'Hướng gió vùng cảnh báo', NULL, '2020-06-17 10:56:48', '2020-06-17 10:56:48'),
('DSMoqbqkHOOUbghdWBE8', 'QTK', 'vEqph5mgGSxZDt3tVIR8', '96uhrqbLC02Q9tjMwPbH', 30000, 0, '', '', NULL, '2020-06-17 10:56:48', '2020-06-17 10:56:48'),
('ebjnNYLTdDgAcIUxslgu', 'QTK', 'fI8Dfk3eN0eEOQ6nz3Di', '96uhrqbLC02Q9tjMwPbH', 30000, 0, '', '', NULL, '2020-06-17 10:56:48', '2020-06-17 10:56:48'),
('eFjRNcuRBivFZLMZ9bJQ', 'QTN', 'VlAM50J3PMYxFkmOC2t4', '96uhrqbLC02Q9tjMwPbH', 1000, 0, '', '', NULL, '2020-06-17 10:56:48', '2020-06-17 10:56:48'),
('EKlsL88ZrFQtTPCsdSiv', 'QTN', 'fuA1sKRCJIomxi009VfC', 'XTuSjubAZ2OZPiZg4zpc', 100, 0, '', '', NULL, '2020-06-17 10:56:48', '2020-06-17 10:56:48'),
('epqOAYx8tspuyveKApdi', 'QTN', 'wpMTAZLKUmYHFbZ6oRwy', 'beTbLaY3J5iLyA2H3GeR', 3, 0, 'NH4+N trong vùng an toàn', 'NH4+N trong vùng cảnh báo', NULL, '2020-06-17 10:56:48', '2020-06-17 10:56:48'),
('eq7ULhnVqknZ0FsgHXJd', 'QTK', '0cxS4VcRuaS17F7vhN0D', 'iCXwberyd08CDMLPEPtI', 40, 20, 'Nhiệt độ vùng an toàn', 'Nhiệt độ vùng cảnh báo', NULL, '2020-06-17 10:56:48', '2020-06-17 10:56:48'),
('Es0UdaZoJpbYQsB5gQR1', 'QTK', 'fI8Dfk3eN0eEOQ6nz3Di', 'iCXwberyd08CDMLPEPtI', 30000, 0, '', '', NULL, '2020-06-17 10:56:48', '2020-06-17 10:56:48'),
('Ex2FI6yfdFHFbTbkPwm8', 'QTN', 'sldZ6xPLVMHf1HfhMTW1', 'XTuSjubAZ2OZPiZg4zpc', 100, 0, 'TSS trong vùng an toàn', 'TSS trong vùng cảnh báo', NULL, '2020-06-17 10:56:48', '2020-06-17 10:56:48'),
('F2htPaNFwuhmxccy8JP0', 'QTN', 'Zs7C4VuVK9cgRLBnQUXf', 'p1R0HGiFGdyZFBuLse5b', 250, 0, '', '', NULL, '2020-06-18 04:18:05', '2020-06-18 04:18:05'),
('fKiStaUcaXWWTbhCKuoB', 'QTN', 'QTwS5uidRRmwlsPmS11g', 'p1R0HGiFGdyZFBuLse5b', 8.5, 6, '', '', NULL, '2020-06-18 04:15:11', '2020-06-18 04:15:11'),
('g1WxMgLPH0UPctwX0j2y', 'QTK', 'HMdhlulrYzviyeAmSevW', 'iCXwberyd08CDMLPEPtI', 30000, 0, '', '', NULL, '2020-06-17 10:56:48', '2020-06-17 10:56:48'),
('gHY4zKAItScy8g6tN3L7', 'QTN', 'fsrGyPMwi6luUAk8wJ1I', 'cNH7rGlPAQzEVsdLaopE', 100, 0, '', '', NULL, '2020-06-17 10:56:48', '2020-06-17 10:56:48'),
('gOIcV6UvFwfA3ztNIiJd', 'QTN', '2N5hl8EUsQHBYvNMSozb', 'cNH7rGlPAQzEVsdLaopE', 100, 0, '', '', NULL, '2020-06-17 10:56:48', '2020-06-17 10:56:48'),
('hdgAfYShC3reDwju81pb', 'QTN', 'QTwS5uidRRmwlsPmS11g', '257y88dihVoP0t7lnPV0', 12, 6, '', '', NULL, '2020-06-17 07:00:35', '2020-06-17 07:00:35'),
('hFEgsauqqpVAhfyRIl5c', 'QTN', 'QTwS5uidRRmwlsPmS11g', 'cNH7rGlPAQzEVsdLaopE', 9, 5.5, 'PH trong vùng an toàn', 'PH trong vùng cảnh báo', NULL, '2020-06-17 10:56:48', '2020-06-17 10:56:48'),
('hYQoox1Wyr70vNh5EvxE', 'QTN', 'J0ZJ4wGE1K9b1yWPA1AA', 'beTbLaY3J5iLyA2H3GeR', 2, 0, 'DO trong vùng an toàn', 'DO trong vùng cảnh báo', NULL, '2020-06-17 10:56:48', '2020-06-17 10:56:48'),
('I6251N3ciSPfiV9HoeXg', 'QTN', '1VShp3DqGd9NSLLbavBK', 'XTuSjubAZ2OZPiZg4zpc', 35, 20, 'Nhiệt độ trong vùng an toàn', 'Nhiệt độ trong vùng cảnh báo', NULL, '2020-06-17 10:56:48', '2020-06-17 10:56:48'),
('IfBq8d4t4fgsWk3bvxBG', 'QTN', 'y1Cm4IWOOTgDBPkSnmWi', 'p1R0HGiFGdyZFBuLse5b', 0.1, 0, '', '', NULL, '2020-06-18 04:24:50', '2020-06-18 04:24:50'),
('INQwu4HNI09zEAzilLkd', 'QTK', '7fyRxC2DjV4O4QFUUeIT', '96uhrqbLC02Q9tjMwPbH', 100, 0, '', '', NULL, '2020-06-17 10:56:48', '2020-06-17 10:56:48'),
('IQCMqqItGiQ5f530GLnH', 'QTN', 'eEDSGcTsBKCigu1PODrv', 'p1R0HGiFGdyZFBuLse5b', 0.1, 0, '', '', NULL, '2020-06-18 04:25:30', '2020-06-18 04:25:30'),
('IXpm6Xx7KtoYBGUtIxBD', 'QTN', 'OZbgyYv13Sjou0m9yQXU', 'XTuSjubAZ2OZPiZg4zpc', 100, 0, '', '', NULL, '2020-06-17 10:56:48', '2020-06-17 10:56:48'),
('iyPLw09x6i2pqT99nHVd', 'QTN', 'sldZ6xPLVMHf1HfhMTW1', 'p1R0HGiFGdyZFBuLse5b', 20, 0, '', '', NULL, '2020-06-18 04:17:20', '2020-06-18 04:17:20'),
('J3vOGRdVS9VdR16l2oVm', 'QTN', 'z4yQlxm1OSRua32UPcqe', 'XTuSjubAZ2OZPiZg4zpc', 100, 0, '', '', NULL, '2020-06-17 10:56:48', '2020-06-17 10:56:48'),
('jAMLfYMbBqkTP3z5GVP7', 'QTN', 'sldZ6xPLVMHf1HfhMTW1', 'beTbLaY3J5iLyA2H3GeR', 100, 0, 'TSS trong vùng an toàn', 'TSS trong vùng cảnh báo', NULL, '2020-06-17 10:56:48', '2020-06-17 10:56:48'),
('jRCTzI7dMuwED3q26dnA', 'QTN', 'bKQCfwFLq7SZ1U8iX0iC', 'cNH7rGlPAQzEVsdLaopE', 150, 50, 'COD trong vùng an toàn', 'COD trong vùng cảnh báo', NULL, '2020-06-17 10:56:48', '2020-06-17 10:56:48'),
('K0vl9Q3Elhe5GcJ8RcGa', 'QTN', 'PtEc5ND5ypHigtFAnCUO', 'XTuSjubAZ2OZPiZg4zpc', 1000, 0, '', '', NULL, '2020-06-17 10:56:48', '2020-06-17 10:56:48'),
('k51X5UV1PskypXqLq2jo', 'QTK', 'cLEtKPGFPGXWiyn0wAiA', 'iCXwberyd08CDMLPEPtI', 30000, 0, '', '', NULL, '2020-06-17 10:56:48', '2020-06-17 10:56:48'),
('KbKsuyBp89LmxcLCoz2x', 'QTN', 'cG9JKyEPHje5zVi1wIAl', 'p1R0HGiFGdyZFBuLse5b', 1, 0, '', '', NULL, '2020-06-18 04:18:30', '2020-06-18 04:18:30'),
('kxesOs5MfjDtwuNftQVu', 'QTN', 'J0ZJ4wGE1K9b1yWPA1AA', 'cNH7rGlPAQzEVsdLaopE', 2, 20, 'DO trong vùng an toàn', 'DO trong vùng cảnh báo', NULL, '2020-06-17 10:56:48', '2020-06-17 10:56:48'),
('L2AqIgOR0wXSo7lS9C87', 'QTN', 'sqGPSmTzohXJ1KBV81Ov', 'cNH7rGlPAQzEVsdLaopE', 100, 0, '', '', NULL, '2020-06-17 10:56:48', '2020-06-17 10:56:48'),
('L5O5mu60wFbVh0ZF47vN', 'QTN', 'dIYhGDk2xMZyJeXFftmp', 'p1R0HGiFGdyZFBuLse5b', 0.02, 0, '', '', NULL, '2020-06-18 04:23:38', '2020-06-18 04:23:38'),
('LBlvVz3ugkyu1KmvROZx', 'QTK', 'i26vWIyFl05Ecujsn5BR', '96uhrqbLC02Q9tjMwPbH', 30000, 0, '', '', NULL, '2020-06-17 10:56:48', '2020-06-17 10:56:48'),
('mHKierSOt5dvilpZItaN', 'QTK', 'Yb7XPS06OCKwqIPa9waw', '96uhrqbLC02Q9tjMwPbH', 30000, 0, '', '', NULL, '2020-06-17 10:56:48', '2020-06-17 10:56:48'),
('Mvc6CD6bmIVmT8UmcRZp', 'QTN', '3ukgdzp14hHjZrXxLPuI', 'XTuSjubAZ2OZPiZg4zpc', 100, 0, '', '', NULL, '2020-06-17 10:56:48', '2020-06-17 10:56:48'),
('MwaU4znVlSPJR1gRTRJG', 'QTN', 'bKQCfwFLq7SZ1U8iX0iC', 'XTuSjubAZ2OZPiZg4zpc', 50, 0, 'COD trong vùng an toàn', 'COD trong vùng cảnh báo', NULL, '2020-06-17 10:56:48', '2020-06-17 10:56:48'),
('OJ16W1TzYByJ8zGd3NKX', 'QTN', 'K1dCoudxrIJHIuxy7FFT', '96uhrqbLC02Q9tjMwPbH', 100, 0, '', '', NULL, '2020-06-17 10:56:48', '2020-06-17 10:56:48'),
('OJULocC23A0sVI3ioROU', 'QTK', 'Lfbfh2vAUjNAcvki3JP5', '96uhrqbLC02Q9tjMwPbH', 30000, 0, '', '', NULL, '2020-06-17 10:56:48', '2020-06-17 10:56:48'),
('oqGxgB5bRbjVKf3trv0Z', 'QTN', 'OZbgyYv13Sjou0m9yQXU', 'cNH7rGlPAQzEVsdLaopE', 100, 0, '', '', NULL, '2020-06-17 10:56:48', '2020-06-17 10:56:48'),
('PgUjFifPJwAhs6H9p9aE', 'QTN', 'QTwS5uidRRmwlsPmS11g', 'beTbLaY3J5iLyA2H3GeR', 9, 5.5, 'PH trong vùng an toàn', 'PH trong vùng cảnh báo', NULL, '2020-06-17 10:56:48', '2020-06-17 10:56:48'),
('pT47yxXMIQMYt53OmcmB', 'QTK', 'm9Bgth2ILQle2nJo5Qzi', 'iCXwberyd08CDMLPEPtI', 30000, 0, '', '', NULL, '2020-06-17 10:56:48', '2020-06-17 10:56:48'),
('qdrXdGq9S0nKkFHBjggx', 'QTN', 'iRoaQuyxlRgwLQARlC5G', 'p1R0HGiFGdyZFBuLse5b', 0.001, 0, '', '', NULL, '2020-06-18 04:26:13', '2020-06-18 04:26:13'),
('QIGl1LWHhDl4BX6Ky4bS', 'QTN', '1GW2K4hZhfaaMeHQMJqA', 'p1R0HGiFGdyZFBuLse5b', 0.1, 0, '', '', NULL, '2020-06-18 04:25:50', '2020-06-18 04:25:50'),
('QJ9SgZnHZWvYhjdkevBD', 'QTK', 'lygl115ZhbwHtFFcfZ1o', 'iCXwberyd08CDMLPEPtI', 30000, 0, '', '', NULL, '2020-06-17 10:56:48', '2020-06-17 10:56:48'),
('qlSehcZHsCCL27WbATAT', 'QTK', 'emyzT0NiSVNQRnJzbDBC', 'iCXwberyd08CDMLPEPtI', 30000, 0, '', '', NULL, '2020-06-17 10:56:48', '2020-06-17 10:56:48'),
('RfBqHXorJQR0IjTaMGdf', 'QTN', 'gc5E6tnLQxSwJVYaKeWU', 'p1R0HGiFGdyZFBuLse5b', 4, 0, '', '', NULL, '2020-06-18 04:16:16', '2020-06-18 04:16:16'),
('rH9nrQViLYqCHkzT1BoB', 'QTN', 'JT2kQsTtCtdif99mnJ14', 'XTuSjubAZ2OZPiZg4zpc', 1000, 0, '', '', NULL, '2020-06-17 10:56:48', '2020-06-17 10:56:48'),
('rVdN6BNhtkj1d5FmtpVV', 'QTN', '1VShp3DqGd9NSLLbavBK', 'beTbLaY3J5iLyA2H3GeR', 35, 20, 'Nhiệt độ trong vùng an toàn', 'Nhiệt độ trong vùng cảnh báo', NULL, '2020-06-17 10:56:48', '2020-06-17 10:56:48'),
('rVo7cYvGO1ljkoCnz5tF', 'QTN', 'bKQCfwFLq7SZ1U8iX0iC', 'beTbLaY3J5iLyA2H3GeR', 50, 0, 'COD trong vùng an toàn', 'COD trong vùng cảnh báo', NULL, '2020-06-17 10:56:48', '2020-06-17 10:56:48'),
('RZEAOgH7sGKVwoCd7sbZ', 'QTN', 'QTwS5uidRRmwlsPmS11g', '8kYSsfV5O1LXlEM616vh', 12, 6, '', '', NULL, '2020-06-17 07:26:56', '2020-06-17 07:26:56'),
('SaKvPQq2qmCHvJRmVKXh', 'QTN', 'bX3NIa4JEuOvuurqk0Nh', 'p1R0HGiFGdyZFBuLse5b', 2, 0, '', '', NULL, '2020-06-18 04:21:31', '2020-06-18 04:21:31'),
('SG0tTSOVJ0dYMi0fLC1i', 'QTK', 'i26vWIyFl05Ecujsn5BR', 'iCXwberyd08CDMLPEPtI', 30000, 0, '', '', NULL, '2020-06-17 10:56:48', '2020-06-17 10:56:48'),
('SGcWFik7ewdbOSD3H2lo', 'QTN', 'Egs4JUf3Ltwk1q7sjQum', 'XTuSjubAZ2OZPiZg4zpc', 100, 0, '', '', NULL, '2020-06-17 10:56:48', '2020-06-17 10:56:48'),
('sKhV1Mtc25kif7Hv9OyI', 'QTK', 'LO27zW7EG51OT0NvioAM', 'iCXwberyd08CDMLPEPtI', 30000, 0, '', '', NULL, '2020-06-17 10:56:48', '2020-06-17 10:56:48'),
('sO4zKad5MXk9XiFKirpn', 'QTN', 'J0ZJ4wGE1K9b1yWPA1AA', 'XTuSjubAZ2OZPiZg4zpc', 2, 0, 'DO trong vùng an toàn', 'DO trong vùng cảnh báo', NULL, '2020-06-17 10:56:48', '2020-06-17 10:56:48'),
('sZcObnDyK1NWwajUmXck', 'QTN', 'JncWfToHE1PQCqcxa3WB', 'XTuSjubAZ2OZPiZg4zpc', 100, 0, '', '', NULL, '2020-06-17 10:56:48', '2020-06-17 10:56:48'),
('TTdPIwFdW7PQgjvwbLKr', 'QTN', 'jk78iSWiVpmaTPr2Zb0r', 'cNH7rGlPAQzEVsdLaopE', 100, 0, '', '', NULL, '2020-06-17 10:56:48', '2020-06-17 10:56:48'),
('uibBg0ZETrjXxvMILGq0', 'QTN', '1VShp3DqGd9NSLLbavBK', 'cNH7rGlPAQzEVsdLaopE', 35, 30, 'Nhiệt độ trong vùng an toàn', 'Nhiệt độ trong vùng cảnh báo', NULL, '2020-06-17 10:56:48', '2020-06-17 10:56:48'),
('ur3bpl50RXZSy7ouQLAt', 'QTN', 'ERWI2xnr8waFWJKA1anW', 'XTuSjubAZ2OZPiZg4zpc', 100, 0, '', '', NULL, '2020-06-17 10:56:48', '2020-06-17 10:56:48'),
('UW82QZggsfJNizESxF5J', 'QTN', 'S4RaxtZZ6M66GJ7bTDl5', 'p1R0HGiFGdyZFBuLse5b', 0.05, 0, '', '', NULL, '2020-06-18 04:22:17', '2020-06-18 04:22:17'),
('vA31D9eeGP4GCiMX6MwO', 'QTK', 'm9Bgth2ILQle2nJo5Qzi', '96uhrqbLC02Q9tjMwPbH', 30000, 0, '', '', NULL, '2020-06-17 10:56:48', '2020-06-17 10:56:48'),
('VifCiaL6r05fRdwcmbso', 'QTN', 'K9Qk76PktTkKLLsFjOjl', 'XTuSjubAZ2OZPiZg4zpc', 100, 0, '', '', NULL, '2020-06-17 10:56:48', '2020-06-17 10:56:48'),
('vxfOJPLMDQYDNNNIMyEV', 'QTK', 'HZRtXK5QYiUGjgO7NRZy', 'iCXwberyd08CDMLPEPtI', 30000, 0, '', '', NULL, '2020-06-17 10:56:48', '2020-06-17 10:56:48'),
('vY0Rsur8BhGf97GsLJAC', 'QTN', 'jxOsTimJ3R0HaM1yKPKv', 'cNH7rGlPAQzEVsdLaopE', 100, 0, '', '', NULL, '2020-06-17 10:56:48', '2020-06-17 10:56:48'),
('wapUBH8hC2ZSUEPt9sNx', 'QTN', 'UMuJlXJNv1Z9l5rqt7wa', 'p1R0HGiFGdyZFBuLse5b', 0.5, 0, '', '', NULL, '2020-06-18 04:27:06', '2020-06-18 04:27:06'),
('WeYFM94wEQPfrLGuiBk2', 'QTN', 'bKQCfwFLq7SZ1U8iX0iC', 'p1R0HGiFGdyZFBuLse5b', 10, 0, '', '', NULL, '2020-06-18 04:16:34', '2020-06-18 04:16:34'),
('XiGo3KvIZNe995b5lNTZ', 'QTK', 'HZRtXK5QYiUGjgO7NRZy', '96uhrqbLC02Q9tjMwPbH', 30000, 0, '', '', NULL, '2020-06-17 10:56:48', '2020-06-17 10:56:48'),
('ydbqNv2TPgq2f15GQnd9', 'QTN', 'J0ZJ4wGE1K9b1yWPA1AA', 'p1R0HGiFGdyZFBuLse5b', 1000, 6, '', '', NULL, '2020-06-18 04:16:59', '2020-06-18 04:16:59'),
('YPgdx9lh3WuypDMdq4vr', 'QTK', '56GgjhXp43IIxoRFc7Yl', 'iCXwberyd08CDMLPEPtI', 30000, 0, 'Hướng gió vùng an toàn', 'Hướng gió vùng cảnh báo', NULL, '2020-06-17 10:56:48', '2020-06-17 10:56:48'),
('yPq1mVRYuZcQB764RRk8', 'QTN', 'q4uOOkJsYMfo8f7drMLn', 'p1R0HGiFGdyZFBuLse5b', 0.1, 0, '', '', NULL, '2020-06-18 04:27:33', '2020-06-18 04:27:33');

INSERT INTO `permissions` (`id`, `name`, `displayName`, `isVisible`) VALUES
('11qPomXM73PWqYKXzYwk', 'edit_data', 'Chỉnh sửa dữ liệu', 1),
('12qPomXM73PWqYKXzYwk', 'delete_data', 'Xóa dữ liệu', 1),
('13qPomXM73PWqYKXzYwk', 'insert_data', 'Thêm dữ liệu', 1),
('14qPomXM73PWqYKXzYwk', 'view_station_config', 'Xem thông tin trạm', 1),
('15qPomXM73PWqYKXzYwk', 'edit_station_config', 'Sửa thông tin trạm', 1),
('16qPomXM73PWqYKXzYwk', 'insert_station', 'Thêm mới trạm', 1),
('17qPomXM73PWqYKXzYwk', 'delete_station', 'Xóa trạm', 1),
('18qPomXM73PWqYKXzYwk', 'view_camera_info', 'Xem thông tin camera', 1),
('19qPomXM73PWqYKXzYwk', 'edit_camera_info', 'Sửa thông tin camera', 1),
('20qPomXM73PWqYKXzYwk', 'insert_camera', 'Thêm mới camera', 1),
('21qPomXM73PWqYKXzYwk', 'delete_camera', 'Xóa camera', 1),
('22qPomXM73PWqYKXzYwk', 'view_stream_camera', 'Xem camera trực tuyến', 1),
('23qPomXM73PWqYKXzYwk', 'sample_control', 'Điều khiển lấy mẫu', 1),
('24qPomXM73PWqYKXzYwk', 'check_station_location', 'Kiểm tra vị trí trạm quan trắc', 1),
('25qPomXM73PWqYKXzYwk', 'view_monitoring_group', 'Xem thông tin nhóm quan trắc', 1),
('26qPomXM73PWqYKXzYwk', 'edit_monitoring_group', 'Sửa thông tin nhóm quan trắc', 1),
('27qPomXM73PWqYKXzYwk', 'insert_monitoring_group', 'Thêm thông tin nhóm quan trắc', 1),
('28qPomXM73PWqYKXzYwk', 'delete_monitoring_group', 'Xóa nhóm quan trắc', 1),
('29qPomXM73PWqYKXzYwk', 'view_indicator', 'Xem chỉ số', 1),
('30qPomXM73PWqYKXzYwk', 'edit_indicator', 'Sửa chỉ số', 1),
('31qPomXM73PWqYKXzYwk', 'insert_indicator', 'Thêm chỉ số', 1),
('32qPomXM73PWqYKXzYwk', 'delete_indicator', 'Xóa chỉ số', 1),
('33qPomXM73PWqYKXzYwk', 'view_indicator_threshold', 'Xem ngưỡng chí số', 1),
('34qPomXM73PWqYKXzYwk', 'edit_indicator_threshold', 'Sửa ngưỡng chỉ số', 1),
('35qPomXM73PWqYKXzYwk', 'insert_indicator_threshold', 'Thêm ngưỡng chỉ số', 1),
('36qPomXM73PWqYKXzYwk', 'delete_indicator_threshold', 'Xóa ngưỡng chỉ số', 1),
('37qPomXM73PWqYKXzYwk', 'view_user_group', 'Xem thông tin nhóm người dùng', 1),
('38qPomXM73PWqYKXzYwk', 'edit_user_group', 'Sửa thông tin nhóm người dùng', 1),
('39qPomXM73PWqYKXzYwk', 'insert_user_group', 'Thêm nhóm người dùng', 1),
('40qPomXM73PWqYKXzYwk', 'delete_user_group', 'Xóa nhóm người dùng', 1),
('41qPomXM73PWqYKXzYwk', 'view_user_info', 'Xem thông tin người dùng', 1),
('42qPomXM73PWqYKXzYwk', 'edit_user_info', 'Sửa thông tin người dùng', 1),
('43qPomXM73PWqYKXzYwk', 'insert_user', 'Thêm người dùng', 1),
('44qPomXM73PWqYKXzYwk', 'delete_user', 'Xóa người dùng', 1),
('45qPomXM73PWqYKXzYwk', 'view_general_report', 'Xem báo cáo tổng quát', 1),
('46qPomXM73PWqYKXzYwk', 'view_specific_report', 'Xem báo cáo chi tiết', 1),
('47qPomXM73PWqYKXzYwk', 'export_report', 'Export báo cáo', 1),
('48qPomXM73PWqYKXzYwk', 'view_activity_diary', 'Xem nhật ký', 1),
('49qPomXM73PWqYKXzYwk', 'delete_activity_diary', 'Xóa nhật ký', 1),
('50qPomXM73PWqYKXzYwk', 'export_diary', 'Xuất nhật ký', 1),
('52qPomXM73PWqYKXzYwk', 'view_system_config', 'Xem hệ thống', 1),
('53qPomXM73PWqYKXzYwk', 'edit_system_config', 'Sửa dữ liệu hệ thống', 1),
('54qPomXM73PWqYKXzYwk', 'upload_data', 'Nhập số liệu ', 1),
('55qPomXM73PWqYKXzYwk', 'auto_update_station', 'Tự động cập nhật trạm mới', 1);

INSERT INTO `characters` (`id`, `name`, `isDefault`) VALUES
('2GStauJg3CXg6r5KxKyo', 'Lãnh đạo Sở', 1),
('g9ll9cvHnT23DTPavzW5', 'Cán bộ quản lý trạm', 0),
('SAyEdvcsTETcIdfH6FtB', 'Quan tri he thong', 1);

INSERT INTO `character_permission` (`id`, `characterId`, `permissionId`, `permissionStatus`) VALUES
('08n9Z3BhEZk9qB3hGKor', 'SAyEdvcsTETcIdfH6FtB', '11qPomXM73PWqYKXzYwk', 1),
('0iQWSwjX8UktqOrNtMeG', 'g9ll9cvHnT23DTPavzW5', '37qPomXM73PWqYKXzYwk', 1),
('1oMaHGRtOnEtPQ1NN3Oe', 'SAyEdvcsTETcIdfH6FtB', '53qPomXM73PWqYKXzYwk', 1),
('1Uo3vxHNdGKZTbHWSHIh', '2GStauJg3CXg6r5KxKyo', '24qPomXM73PWqYKXzYwk', 1),
('2bwbkqiS6F1piuMZ5r33', 'SAyEdvcsTETcIdfH6FtB', '23qPomXM73PWqYKXzYwk', 1),
('2UDyeMi3d9Yknjvd9kLl', '2GStauJg3CXg6r5KxKyo', '47qPomXM73PWqYKXzYwk', 1),
('34jDJRGCfsOieXB0QUK2', '2GStauJg3CXg6r5KxKyo', '25qPomXM73PWqYKXzYwk', 1),
('3btyJ63KXRQOIuASUqWu', 'g9ll9cvHnT23DTPavzW5', '44qPomXM73PWqYKXzYwk', 1),
('4TnItYovnnhfeLKqLG3X', '2GStauJg3CXg6r5KxKyo', '49qPomXM73PWqYKXzYwk', 1),
('5kBfGvypIxlRQuDcYZ6J', '2GStauJg3CXg6r5KxKyo', '28qPomXM73PWqYKXzYwk', 1),
('5tneD2JtjYK4g4Znz2eO', '2GStauJg3CXg6r5KxKyo', '22qPomXM73PWqYKXzYwk', 1),
('5yfySuHPD6kLMQdrkov6', 'g9ll9cvHnT23DTPavzW5', '48qPomXM73PWqYKXzYwk', 1),
('6GZW4upgkepP4qtVwO60', '2GStauJg3CXg6r5KxKyo', '44qPomXM73PWqYKXzYwk', 1),
('71EgyH1IgudiU7TqmO1c', 'g9ll9cvHnT23DTPavzW5', '45qPomXM73PWqYKXzYwk', 1),
('7bKl7zL78kyztpvIybfb', 'g9ll9cvHnT23DTPavzW5', '41qPomXM73PWqYKXzYwk', 1),
('7WzXoOGYahSBb54uTjM2', 'g9ll9cvHnT23DTPavzW5', '53qPomXM73PWqYKXzYwk', 1),
('85bGmVfUum0M990lq6eW', '2GStauJg3CXg6r5KxKyo', '33qPomXM73PWqYKXzYwk', 1),
('9SJGkhTPFe5iRWAehuQG', 'g9ll9cvHnT23DTPavzW5', '40qPomXM73PWqYKXzYwk', 1),
('apYEw7RvXGFIJYJFKmCL', '2GStauJg3CXg6r5KxKyo', '53qPomXM73PWqYKXzYwk', 1),
('b3Uj4TI52FoTJd6r0YVa', 'g9ll9cvHnT23DTPavzW5', '28qPomXM73PWqYKXzYwk', 1),
('BDkdrxNaq1JpZJzBS5Sq', '2GStauJg3CXg6r5KxKyo', '50qPomXM73PWqYKXzYwk', 1),
('BmBf7gsUqYZ78uefnSAH', 'SAyEdvcsTETcIdfH6FtB', '45qPomXM73PWqYKXzYwk', 1),
('bO4BGyarIfxgJaSRDXNg', 'SAyEdvcsTETcIdfH6FtB', '16qPomXM73PWqYKXzYwk', 1),
('BOvcrmZKm0sxsghBHPuz', '2GStauJg3CXg6r5KxKyo', '39qPomXM73PWqYKXzYwk', 1),
('BqXLJklUdqG7qCgutDAn', 'SAyEdvcsTETcIdfH6FtB', '14qPomXM73PWqYKXzYwk', 1),
('bSDNBpjOEAL6hhSM9Vt3', 'SAyEdvcsTETcIdfH6FtB', '46qPomXM73PWqYKXzYwk', 1),
('BxGY09NYXabf8PGaq8ii', '2GStauJg3CXg6r5KxKyo', '46qPomXM73PWqYKXzYwk', 1),
('cltM4H5IPTvzcgOQaYNp', 'SAyEdvcsTETcIdfH6FtB', '29qPomXM73PWqYKXzYwk', 1),
('CuN7wU1fJGSjrTvAYGzL', 'SAyEdvcsTETcIdfH6FtB', '33qPomXM73PWqYKXzYwk', 1),
('dHX09OZpOTaR1Oll9q90', '2GStauJg3CXg6r5KxKyo', '27qPomXM73PWqYKXzYwk', 1),
('DJEgoxbcpMuRHcT0MLE1', '2GStauJg3CXg6r5KxKyo', '29qPomXM73PWqYKXzYwk', 1),
('dtmObszChLeMEPMvrQrQ', '2GStauJg3CXg6r5KxKyo', '16qPomXM73PWqYKXzYwk', 1),
('DZyb5uBLqzmcvkbMMHrJ', 'SAyEdvcsTETcIdfH6FtB', '27qPomXM73PWqYKXzYwk', 1),
('e6OtlNxfyuB4Sy5DSGlh', 'SAyEdvcsTETcIdfH6FtB', '22qPomXM73PWqYKXzYwk', 1),
('E7YmK5HABA1ar122ERJW', 'SAyEdvcsTETcIdfH6FtB', '48qPomXM73PWqYKXzYwk', 1),
('ehhq1KH64YyOnc2ozNPt', 'SAyEdvcsTETcIdfH6FtB', '34qPomXM73PWqYKXzYwk', 1),
('etbwFtCwuaxRHcvySwOH', 'SAyEdvcsTETcIdfH6FtB', '31qPomXM73PWqYKXzYwk', 1),
('EvuPacN1dEjmlWItY42i', 'SAyEdvcsTETcIdfH6FtB', '13qPomXM73PWqYKXzYwk', 1),
('Exbk196JzLljxDLEzq5q', 'SAyEdvcsTETcIdfH6FtB', '50qPomXM73PWqYKXzYwk', 1),
('eXEOVl3cjrEuqpPXgjVP', '2GStauJg3CXg6r5KxKyo', '30qPomXM73PWqYKXzYwk', 1),
('f1KjPTmXKj6LGAaa2ARh', 'g9ll9cvHnT23DTPavzW5', '34qPomXM73PWqYKXzYwk', 1),
('fH5W8JElG13rMc7UUsE8', 'SAyEdvcsTETcIdfH6FtB', '41qPomXM73PWqYKXzYwk', 1),
('fI8vz8kplxMb4lWMycqe', 'SAyEdvcsTETcIdfH6FtB', '26qPomXM73PWqYKXzYwk', 1),
('fONrUDXBfa15z3Sl0o0y', 'SAyEdvcsTETcIdfH6FtB', '37qPomXM73PWqYKXzYwk', 1),
('fp8yg0CfH9c0C6WKvDAo', 'g9ll9cvHnT23DTPavzW5', '27qPomXM73PWqYKXzYwk', 1),
('FUUnA9Cjc3rlTJk3BEmm', '2GStauJg3CXg6r5KxKyo', '36qPomXM73PWqYKXzYwk', 1),
('FvcUVro3qexFRX2mcAPQ', 'SAyEdvcsTETcIdfH6FtB', '39qPomXM73PWqYKXzYwk', 1),
('FZEnGTRCfwCRp0nzdHQ6', '2GStauJg3CXg6r5KxKyo', '13qPomXM73PWqYKXzYwk', 1),
('fZODNRL18o6074zQdYgy', 'g9ll9cvHnT23DTPavzW5', '32qPomXM73PWqYKXzYwk', 1),
('GEFGc0K7dEgLRa42bQZt', '2GStauJg3CXg6r5KxKyo', '34qPomXM73PWqYKXzYwk', 1),
('ggbXUEQC8AX9vYnV2U0j', 'SAyEdvcsTETcIdfH6FtB', '55qPomXM73PWqYKXzYwk', 1),
('gj3UHPtQO44h7COFynj1', '2GStauJg3CXg6r5KxKyo', '45qPomXM73PWqYKXzYwk', 1),
('GsJ10vtAHUuq5wawFXq1', 'SAyEdvcsTETcIdfH6FtB', '47qPomXM73PWqYKXzYwk', 1),
('gxo17APx4lhQ89qYn8Mm', 'g9ll9cvHnT23DTPavzW5', '39qPomXM73PWqYKXzYwk', 1),
('h2RpmMRrsLDpgZQbHMWr', 'g9ll9cvHnT23DTPavzW5', '22qPomXM73PWqYKXzYwk', 1),
('hc2IkAotzRDwNF51tih6', 'g9ll9cvHnT23DTPavzW5', '31qPomXM73PWqYKXzYwk', 1),
('heS5ZFRvnETJtcCcoBAx', 'g9ll9cvHnT23DTPavzW5', '18qPomXM73PWqYKXzYwk', 1),
('htwpJDxvtrFN3LuH8yAm', 'g9ll9cvHnT23DTPavzW5', '14qPomXM73PWqYKXzYwk', 1),
('HyamOoHGsMahJUG0kPuv', 'SAyEdvcsTETcIdfH6FtB', '32qPomXM73PWqYKXzYwk', 1),
('HZQ1fh4QLOhgluTFhLzT', 'g9ll9cvHnT23DTPavzW5', '17qPomXM73PWqYKXzYwk', 1),
('HZR5hYCy6Km5ZlIk0Syk', 'SAyEdvcsTETcIdfH6FtB', '18qPomXM73PWqYKXzYwk', 1),
('IaI5HPm1EQ3juaJciCwH', '2GStauJg3CXg6r5KxKyo', '12qPomXM73PWqYKXzYwk', 0),
('ibnA8Wdtd0lX6YRkMxqD', 'SAyEdvcsTETcIdfH6FtB', '35qPomXM73PWqYKXzYwk', 1),
('icwqFasRJdeWCTNT2Tmg', 'SAyEdvcsTETcIdfH6FtB', '43qPomXM73PWqYKXzYwk', 1),
('IFvtBFfSQJbWprH29DXN', '2GStauJg3CXg6r5KxKyo', '48qPomXM73PWqYKXzYwk', 1),
('IhyWjvFr9qyf3FHFIKPQ', 'g9ll9cvHnT23DTPavzW5', '29qPomXM73PWqYKXzYwk', 1),
('It1Cfuu0Be5wpBN51Ut7', 'g9ll9cvHnT23DTPavzW5', '52qPomXM73PWqYKXzYwk', 1),
('jfLbliGdmHOVcqvZTQqX', '2GStauJg3CXg6r5KxKyo', '15qPomXM73PWqYKXzYwk', 1),
('JlbB6O0aunXSd94IrKrd', 'SAyEdvcsTETcIdfH6FtB', '40qPomXM73PWqYKXzYwk', 1),
('JrQCxszNOplPSKG6VpzM', '2GStauJg3CXg6r5KxKyo', '21qPomXM73PWqYKXzYwk', 1),
('jtdFphggaiHM6s11BUFM', '2GStauJg3CXg6r5KxKyo', '37qPomXM73PWqYKXzYwk', 1),
('jYQkOA8i783oMsQlqCTu', 'SAyEdvcsTETcIdfH6FtB', '49qPomXM73PWqYKXzYwk', 1),
('jzf3lmLzeZQ7RAhXN2UQ', '2GStauJg3CXg6r5KxKyo', '14qPomXM73PWqYKXzYwk', 1),
('KCnnQBGRiAsJMIUHYNTt', 'SAyEdvcsTETcIdfH6FtB', '15qPomXM73PWqYKXzYwk', 1),
('kJPApq5hScM12YR9nRU4', 'g9ll9cvHnT23DTPavzW5', '23qPomXM73PWqYKXzYwk', 1),
('KuPhwl9oXsZn2CszIOT4', 'g9ll9cvHnT23DTPavzW5', '26qPomXM73PWqYKXzYwk', 1),
('LC27IAXNCb0jyNGshG4l', '2GStauJg3CXg6r5KxKyo', '54qPomXM73PWqYKXzYwk', 1),
('mGTdPPQIzdefL57qD66I', 'g9ll9cvHnT23DTPavzW5', '55qPomXM73PWqYKXzYwk', 1),
('mtAGtnzAqKrtwln7xELg', 'SAyEdvcsTETcIdfH6FtB', '21qPomXM73PWqYKXzYwk', 1),
('N7cB2SpH8xl31kP0ez7x', 'g9ll9cvHnT23DTPavzW5', '47qPomXM73PWqYKXzYwk', 1),
('NEgSFDchXusPMZKoWMnE', 'g9ll9cvHnT23DTPavzW5', '42qPomXM73PWqYKXzYwk', 1),
('nFfGoJTIBZt0i1966xrl', 'g9ll9cvHnT23DTPavzW5', '30qPomXM73PWqYKXzYwk', 1),
('nvHiMtpI4NPqKayiT7ta', 'g9ll9cvHnT23DTPavzW5', '38qPomXM73PWqYKXzYwk', 1),
('NZVjfV8TincjB7BBztf6', 'SAyEdvcsTETcIdfH6FtB', '17qPomXM73PWqYKXzYwk', 1),
('oHAILBEtXFK10qTPK4SQ', 'g9ll9cvHnT23DTPavzW5', '46qPomXM73PWqYKXzYwk', 1),
('OP25x4t2XqwMCqB0VrDI', '2GStauJg3CXg6r5KxKyo', '43qPomXM73PWqYKXzYwk', 1),
('oucu8JWM5vQEV8gIwzpZ', 'SAyEdvcsTETcIdfH6FtB', '36qPomXM73PWqYKXzYwk', 1),
('pE5zMHqDTHZlTeBa3nl9', 'g9ll9cvHnT23DTPavzW5', '21qPomXM73PWqYKXzYwk', 1),
('Pj3O4EsZcKExeDEDyQwf', 'g9ll9cvHnT23DTPavzW5', '11qPomXM73PWqYKXzYwk', 0),
('pN3Njjmbd8EuBdiHDJHf', '2GStauJg3CXg6r5KxKyo', '19qPomXM73PWqYKXzYwk', 1),
('py528hUddKraLSwvd7x9', 'g9ll9cvHnT23DTPavzW5', '16qPomXM73PWqYKXzYwk', 1),
('qGJrtipGqIfFpFcUl8yb', 'g9ll9cvHnT23DTPavzW5', '50qPomXM73PWqYKXzYwk', 1),
('qjYfnOFNdgSVp4daMWta', '2GStauJg3CXg6r5KxKyo', '26qPomXM73PWqYKXzYwk', 1),
('qPhv4OfM1iHMLgDV5XU8', '2GStauJg3CXg6r5KxKyo', '31qPomXM73PWqYKXzYwk', 1),
('QsffTeuX6Jib0oLW6Xbn', 'g9ll9cvHnT23DTPavzW5', '12qPomXM73PWqYKXzYwk', 0),
('RrqDMX6SzmbodobTu31I', 'g9ll9cvHnT23DTPavzW5', '24qPomXM73PWqYKXzYwk', 1),
('RuiYB4xQku23bb7QX25T', 'SAyEdvcsTETcIdfH6FtB', '30qPomXM73PWqYKXzYwk', 1),
('s5PgXdjUlnFFlMSE0F1O', 'g9ll9cvHnT23DTPavzW5', '35qPomXM73PWqYKXzYwk', 1),
('sGFrATg31jCBrL47rzpm', '2GStauJg3CXg6r5KxKyo', '23qPomXM73PWqYKXzYwk', 1),
('SIfWG7ioNnY0z2Zy5htu', 'SAyEdvcsTETcIdfH6FtB', '54qPomXM73PWqYKXzYwk', 1),
('TbTPPfyMyPc2RhBFO7bz', '2GStauJg3CXg6r5KxKyo', '52qPomXM73PWqYKXzYwk', 1),
('te9iuSKVacRiYR7N86XF', 'g9ll9cvHnT23DTPavzW5', '54qPomXM73PWqYKXzYwk', 1),
('teIQbX3riuUhwfYqaZjN', 'SAyEdvcsTETcIdfH6FtB', '42qPomXM73PWqYKXzYwk', 1),
('ttbXUEQC8AX9vYnV2U0j', '2GStauJg3CXg6r5KxKyo', '55qPomXM73PWqYKXzYwk', 1),
('tUlSOKjtgbeJwK27xm9v', 'SAyEdvcsTETcIdfH6FtB', '19qPomXM73PWqYKXzYwk', 1),
('u5S80o3m6Tlue0wfUMoR', 'g9ll9cvHnT23DTPavzW5', '20qPomXM73PWqYKXzYwk', 1),
('UlBFzNLcAjEjAKZjmBAF', 'g9ll9cvHnT23DTPavzW5', '33qPomXM73PWqYKXzYwk', 1),
('UsDAde3FExhNxplQ0FRa', '2GStauJg3CXg6r5KxKyo', '35qPomXM73PWqYKXzYwk', 1),
('uvcxcWcjrzczvzOk7XmO', 'SAyEdvcsTETcIdfH6FtB', '20qPomXM73PWqYKXzYwk', 1),
('Wb4He3oWihuBgstFbgc5', '2GStauJg3CXg6r5KxKyo', '42qPomXM73PWqYKXzYwk', 1),
('WcZOpVk0D56n8gJwYgiz', '2GStauJg3CXg6r5KxKyo', '40qPomXM73PWqYKXzYwk', 1),
('wdfdTG631bXuF407wxeN', 'SAyEdvcsTETcIdfH6FtB', '25qPomXM73PWqYKXzYwk', 1),
('wvGSHDqHe12CD2lznsVs', 'SAyEdvcsTETcIdfH6FtB', '12qPomXM73PWqYKXzYwk', 1),
('WWRxgqI5Eu4nNSHoVyu0', 'g9ll9cvHnT23DTPavzW5', '13qPomXM73PWqYKXzYwk', 0),
('wwSQrIrMqMvNxFJsNreh', '2GStauJg3CXg6r5KxKyo', '11qPomXM73PWqYKXzYwk', 0),
('wYpUCT24OPmHmkcKIXub', 'g9ll9cvHnT23DTPavzW5', '49qPomXM73PWqYKXzYwk', 1),
('x6IPYbW9hN9IlL90H2ST', 'SAyEdvcsTETcIdfH6FtB', '52qPomXM73PWqYKXzYwk', 1),
('XCutVIQYs9yBxwqBeq7g', '2GStauJg3CXg6r5KxKyo', '32qPomXM73PWqYKXzYwk', 1),
('XndRp7Q9zglXE05Q0mWj', 'g9ll9cvHnT23DTPavzW5', '43qPomXM73PWqYKXzYwk', 1),
('xpK4khWrFM9430LxSVs6', 'SAyEdvcsTETcIdfH6FtB', '28qPomXM73PWqYKXzYwk', 1),
('xQCobjyLI9RZsN2UKh5q', 'SAyEdvcsTETcIdfH6FtB', '24qPomXM73PWqYKXzYwk', 1),
('YDLxlMyrNjBoeErGkf3Z', 'SAyEdvcsTETcIdfH6FtB', '38qPomXM73PWqYKXzYwk', 1),
('YhXqNnKWFjVR153ZQTqX', 'SAyEdvcsTETcIdfH6FtB', '44qPomXM73PWqYKXzYwk', 1),
('yP1FmPpm1UBt9RhZaGgu', 'g9ll9cvHnT23DTPavzW5', '36qPomXM73PWqYKXzYwk', 1),
('Yv3doAgc6SZX6c2K6N1C', '2GStauJg3CXg6r5KxKyo', '17qPomXM73PWqYKXzYwk', 1),
('Yw7gUAEVjeeny90ooB0x', 'g9ll9cvHnT23DTPavzW5', '25qPomXM73PWqYKXzYwk', 1),
('YZzKn1tkAGmjC2tXpUxp', '2GStauJg3CXg6r5KxKyo', '18qPomXM73PWqYKXzYwk', 1),
('zDHLCq6bI6tKmg5jfhQX', '2GStauJg3CXg6r5KxKyo', '38qPomXM73PWqYKXzYwk', 1),
('zDPuBFO8hXqVBtibjIw2', '2GStauJg3CXg6r5KxKyo', '41qPomXM73PWqYKXzYwk', 1),
('ze8daK3ibQU9CXIYYyez', 'g9ll9cvHnT23DTPavzW5', '15qPomXM73PWqYKXzYwk', 1),
('zHbXUEQC8AX9vYnV2U0j', '2GStauJg3CXg6r5KxKyo', '20qPomXM73PWqYKXzYwk', 1),
('ZkK25IdMt5TpsCi7dWv0', 'g9ll9cvHnT23DTPavzW5', '19qPomXM73PWqYKXzYwk', 1);

INSERT INTO `managers` (`id`, `characterId`, `name`, `email`, `password`, `phoneNumber`, `workplace`, `address`, `isActive`, `isDefault`, `deletedAt`, `createdAt`, `updatedAt`) VALUES
('38PEdMTB0rUcsEvyFruV', '2GStauJg3CXg6r5KxKyo', 'Lê Hà Thanh', 'thanhlh@danang.gov.vn', '$2b$10$fSEdQdZBStfJ8WwOcNAWpOPaZZ9c/XFtOiCZZoByRJ1FyAsLtVcyK', '0905686756', 'Phòng CNTT Sở TNMT', '', 1, 0, NULL, '2020-06-19 03:16:32', '2020-06-19 03:16:32'),
('eYalbMK7hA9LuufWeLcK', 'SAyEdvcsTETcIdfH6FtB', 'Bạch Quốc Việt', 'vietbq@centic.vn', '$2b$10$3ZGZVyAfE2biRuFXaloiF.s4rCeXGFX3zz6cUtguGXvxfNgAORb8O', '0968405800', 'Trung tâm vi mạch Đà Nẵng', '15 Quang Trung Hải Châu, Đà Nẵng', 1, 0, NULL, '2020-06-17 10:56:57', '2020-06-17 10:56:57'),
('hlWl0fKzSMAQTyKXsRM5', 'SAyEdvcsTETcIdfH6FtB', 'Đỗ Hữu Tín', 'tindh@centic.vn', '$2b$10$oC4H4EcytzlGX4sk.nuBsOu940IraiPQL8GRLGPDEb7ht8Q1lbHba', '0123456789', 'Trung tâm vi mạch Đà Nẵng', '15 Quang Trung Hải Châu, Đà Nẵng', 1, 0, NULL, '2020-06-17 10:56:57', '2020-06-17 10:56:57'),
('q3qtbssJEL98WM69wpIc', 'SAyEdvcsTETcIdfH6FtB', 'Trương Quốc Việt', 'Viettq9@danang.gov.vn', '$2b$10$kvPyn0BYuQ//5CwDs1Rup.UYnBsKXHbS63/GxrGDdvxQTnO7FFN0y', '07762542412', 'Phòng CNTT Sở TNMT', '', 1, 0, NULL, '2020-06-19 03:10:56', '2020-06-19 03:10:56');

INSERT INTO `manager_access_tokens` (`token`, `managerId`, `description`) VALUES
('Ft27zJd0sa1xUUa9FVG5nz82Dx1nJLjJmwdxb5sF', '38PEdMTB0rUcsEvyFruV', NULL),
('lGVrWRmo2S9FvWNKS2KzqWUgpMdUBkOU7XRucUd4', 'eYalbMK7hA9LuufWeLcK', NULL),
('OuwEcx6eyNlmeTw44swxVd2Jo25wIBBYY5Mlxhuc', 'q3qtbssJEL98WM69wpIc', NULL),
('RSYU0E4hBk8Z3LSOqYS1QC1y1Ls4oitANQLPW0p8', 'hlWl0fKzSMAQTyKXsRM5', NULL);

INSERT INTO `stations` (`id`, `monitoringType`, `monitoringGroupId`, `districtId`, `name`, `symbol`, `address`, `phone`, `image`, `rootLocation`, `verifiedAt`, `verificationOrganization`, `isManualStation`, `activeState`, `envIndex`, `latestSentAt`, `sendftpStatus`, `receiveftpStatus`, `lastedIndicatorOverThreshold`, `numberOfThreshold`, `numberOfAlertThreshold`, `alertThresholdStatus`, `numberOfAlertStructure`, `alertStructureStatus`, `numberOfDisconnection`, `alertDisconnectionStatus`, `activityStatus`, `publicStatus`, `deletedAt`, `createdAt`, `updatedAt`) VALUES
('0SyZXkuztHo42wLwBKNu', 'QTK', 'iCXwberyd08CDMLPEPtI', 'ggBT7sDLvwZYZT161Mex', 'Cộng Hòa', 'CH', 'Quận Tân Bình', '', '', '10.802263, 106.644254', '2020-06-17 09:03:40', '', 1, 'NORMAL', NULL, NULL, 1, 0, NULL, 0, 0, 1, 0, 1, 0, 1, 1, 1, NULL, '2020-06-17 09:11:27', '2020-06-17 09:11:27'),
('0TuGDJ87N1rSLKnwJeY6', 'QTN', '257y88dihVoP0t7lnPV0', 'yyBT7sDLvwZYZT161Mex', 'Hòn Ngọc Phương Nam', 'KDLPN', 'Huyện Cần Giờ', '', '', '10.376944, 106.891167', '2020-06-17 07:02:38', '', 1, 'NORMAL', NULL, NULL, 1, 0, NULL, 0, 0, 1, 0, 1, 0, 1, 1, 1, NULL, '2020-06-17 07:10:57', '2020-06-17 07:10:57'),
('12oW7QyadUlNv0BEplzD', 'QTN', '8kYSsfV5O1LXlEM616vh', '77BT7sDLvwZYZT161Mex', 'Ông Lớn', 'OL_nk', 'Quận 7', '', '', '10.72867, 106.69029', '2020-06-17 07:27:05', '', 1, 'NORMAL', NULL, NULL, 1, 0, NULL, 0, 0, 1, 0, 1, 0, 1, 1, 1, NULL, '2020-06-17 07:58:41', '2020-06-17 07:58:41'),
('1N5Ha0vM66maSMy3RbnD', 'QTK', 'iCXwberyd08CDMLPEPtI', 'ooBT7sDLvwZYZT161Mex', 'Ngã tư Bình Phước', 'HBP', 'Hiệp Bình Phước', '', '', '10.864722, 106.723692', '2020-06-17 09:03:40', '', 1, 'NORMAL', NULL, NULL, 1, 0, NULL, 0, 0, 1, 0, 1, 0, 1, 1, 1, NULL, '2020-06-17 09:21:18', '2020-06-17 09:21:18'),
('1PxWtHLrQxDMl2Mzj1F0', 'QTN', '257y88dihVoP0t7lnPV0', 'yyBT7sDLvwZYZT161Mex', 'Bãi 30/4', 'B304', 'Huyện Cần Giờ', '', '', '10.383719, 106.922607', '2020-06-17 07:02:38', '', 1, 'NORMAL', NULL, NULL, 1, 0, NULL, 0, 0, 1, 0, 1, 0, 1, 1, 1, NULL, '2020-06-17 07:03:53', '2020-06-17 07:03:53'),
('3dbPXKJcBQxTgK5XKHPb', 'QTN', 'pVZXXF6m4EHwn3VhohRL', 'ppBT7sDLvwZYZT161Mex', 'Lòng Tàu', 'LT_NS', 'Sông Lòng Tàu', '', '', '10.633995, 106.819275', '2020-06-17 08:18:27', '', 1, 'NORMAL', NULL, NULL, 1, 0, NULL, 0, 0, 1, 0, 1, 0, 1, 1, 1, NULL, '2020-06-17 08:34:50', '2020-06-17 08:34:50'),
('3tahyTlFnAf0bt8FQ4cB', 'QTN', 'p1R0HGiFGdyZFBuLse5b', 'ggBT7sDLvwZYZT161Mex', 'Bàu Cát', 'CVBC', 'Quận Tân Binh', '', '', '10.791427, 106.643231', '2020-06-17 06:19:39', '', 1, 'NORMAL', NULL, NULL, 1, 0, NULL, 0, 0, 1, 0, 1, 0, 1, 1, 1, NULL, '2020-06-17 06:29:29', '2020-06-18 04:44:41'),
('681akMtKpWVLivjsciRh', 'QTK', 'iCXwberyd08CDMLPEPtI', 'ccBT7sDLvwZYZT161Mex', 'Trạm Quang Trung', 'QT', 'Quận 12', '', '', '10.852447, 106.62916', '2020-06-17 09:03:40', '', 1, 'NORMAL', NULL, NULL, 1, 0, NULL, 0, 0, 1, 0, 1, 0, 1, 1, 1, NULL, '2020-06-17 09:37:03', '2020-06-17 09:37:03'),
('6U2Jd3oEwFHXUjs5QfBx', 'QTN', 'pVZXXF6m4EHwn3VhohRL', '11BT7sDLvwZYZT161Mex', 'Bến Củi', 'BC_NS', 'Tỉnh Bình Dương', '', '', '11.278456, 106.357012', '2020-06-17 08:18:27', '', 1, 'NORMAL', NULL, NULL, 1, 0, NULL, 0, 0, 1, 0, 1, 0, 1, 1, 1, NULL, '2020-06-17 08:22:16', '2020-06-17 08:22:16'),
('72bngBGrXMlIqUEtbfLn', 'QTN', 'pVZXXF6m4EHwn3VhohRL', 'ccBT7sDLvwZYZT161Mex', 'Phú Long', 'PL_NS', 'Sông Sài Gòn', '', '', '10.897565, 106.695898', '2020-06-17 08:18:27', '', 1, 'NORMAL', NULL, NULL, 1, 0, NULL, 0, 0, 1, 0, 1, 0, 1, 1, 1, NULL, '2020-06-17 08:40:28', '2020-06-17 08:40:28'),
('73SywWduuD95etjlWnHa', 'QTN', 'pVZXXF6m4EHwn3VhohRL', 'ddBT7sDLvwZYZT161Mex', 'An Hạ', 'AH_NS', 'Kênh An Hạ', '', '', '10.788521, 106.515878', '2020-06-17 08:18:27', '', 1, 'NORMAL', NULL, NULL, 1, 0, NULL, 0, 0, 1, 0, 1, 0, 1, 1, 1, NULL, '2020-06-17 08:19:34', '2020-06-17 08:19:34'),
('7GUz8SWehus5LGqnp9JB', 'QTN', '8kYSsfV5O1LXlEM616vh', '66BT7sDLvwZYZT161Mex', 'Ông Buông', 'OB_nk', 'Kênh Tân Hoá - Lò Gốm', '', '', '10.752866, 106.638451', '2020-06-17 07:27:05', '', 1, 'NORMAL', NULL, NULL, 1, 0, NULL, 0, 0, 1, 0, 1, 0, 1, 1, 1, NULL, '2020-06-17 07:57:43', '2020-06-17 07:57:43'),
('8gXheEMVfXDBvWxB4t6M', 'QTN', 'pVZXXF6m4EHwn3VhohRL', 'ppBT7sDLvwZYZT161Mex', 'Bình Điền', 'BĐ_NS', 'Sông Chợ Đệm', '', '', '10.700589, 106.59909', '2020-06-17 08:18:27', '', 1, 'NORMAL', NULL, NULL, 1, 0, NULL, 0, 0, 1, 0, 1, 0, 1, 1, 1, NULL, '2020-06-17 08:26:18', '2020-06-17 08:26:18'),
('9wddtw6aX9Nz9DS95cuZ', 'QTK', 'iCXwberyd08CDMLPEPtI', 'ggBT7sDLvwZYZT161Mex', 'Trạm Thống Nhất', 'TN', 'Quận Tân Bình', '', '', '10.791547, 106.652728', '2020-06-17 09:03:40', '', 1, 'NORMAL', NULL, NULL, 1, 0, NULL, 0, 0, 1, 0, 1, 0, 1, 1, 1, NULL, '2020-06-17 09:39:08', '2020-06-17 09:39:08'),
('AFRMWMrAgzjs9LxSZFO7', 'QTN', 'p1R0HGiFGdyZFBuLse5b', 'ooBT7sDLvwZYZT161Mex', 'Linh Xuân', 'LX', 'quận Thủ Đức', '', '', '10.869317, 106.773183', '2020-06-17 03:59:41', '', 1, 'NORMAL', NULL, NULL, 1, 0, NULL, 0, 0, 1, 0, 1, 0, 1, 1, 1, NULL, '2020-06-17 04:00:56', '2020-06-18 04:56:10'),
('aPS6Tf2TI1JCaPOJ2iQB', 'QTN', 'pVZXXF6m4EHwn3VhohRL', 'eeBT7sDLvwZYZT161Mex', 'Sài Gòn', 'SG_NS', 'Sông Sài Gòn', '', '', '10.797815, 106.728953', '2020-06-17 08:18:27', '', 1, 'NORMAL', NULL, NULL, 1, 0, NULL, 0, 0, 1, 0, 1, 0, 1, 1, 1, NULL, '2020-06-17 08:42:43', '2020-06-17 08:55:01'),
('AqUmQSW2jMKfcUTPfyIH', 'QTN', 'p1R0HGiFGdyZFBuLse5b', 'ddBT7sDLvwZYZT161Mex', 'Tân Tạo', 'TaT', 'Quận Bình Tân', '', '', '10.758283, 106.581433', '2020-06-17 06:33:54', '', 1, 'NORMAL', NULL, NULL, 1, 0, NULL, 0, 0, 1, 0, 1, 0, 1, 1, 1, NULL, '2020-06-17 06:37:06', '2020-06-17 06:37:06'),
('aS21Uq49uwZ6mrxXqkMS', 'QTN', 'pVZXXF6m4EHwn3VhohRL', '22BT7sDLvwZYZT161Mex', 'Cát Lái', 'CL_NS', 'Sông Đồng Nai', '', '', '10.755342, 106.796091', '2020-06-17 08:18:27', '', 1, 'NORMAL', NULL, NULL, 1, 0, NULL, 0, 0, 1, 0, 1, 0, 1, 1, 1, NULL, '2020-06-17 08:29:20', '2020-06-17 08:29:20'),
('aSRuDNCG3BiubH3Zyi4d', 'QTK', 'iCXwberyd08CDMLPEPtI', 'ppBT7sDLvwZYZT161Mex', 'Lê Minh Xuân', 'LMX', 'Quận Bình Chánh', '', '', '10.743887, 106.540168', '2020-06-17 09:03:40', '', 1, 'NORMAL', NULL, NULL, 1, 0, NULL, 0, 0, 1, 0, 1, 0, 1, 1, 1, NULL, '2020-06-17 09:18:18', '2020-06-17 09:18:18'),
('c85tvmxikogSKNalxRqV', 'QTN', '8kYSsfV5O1LXlEM616vh', 'bbBT7sDLvwZYZT161Mex', 'Hòa Bình', 'HB_nk', 'Kênh Tân Hoá - Lò Gốm', '', '', '10.768982, 106.637342', '2020-06-17 07:27:05', '', 1, 'NORMAL', NULL, NULL, 1, 0, NULL, 0, 0, 1, 0, 1, 0, 1, 1, 1, NULL, '2020-06-17 07:47:31', '2020-06-17 07:47:31'),
('CcdV4R9unn9bxzS7mEON', 'QTK', 'iCXwberyd08CDMLPEPtI', '22BT7sDLvwZYZT161Mex', 'Khu đô thị Phú Mỹ Hưng', 'PMH', 'phường Tân Phú', '', '', '10.725222, 106.717139', '2020-06-17 09:03:40', '', 1, 'NORMAL', NULL, NULL, 1, 0, NULL, 0, 0, 1, 0, 1, 0, 1, 1, 1, NULL, '2020-06-17 09:17:11', '2020-06-17 09:17:11'),
('CKVnUFPXgboigLWcA7ub', 'QTN', 'p1R0HGiFGdyZFBuLse5b', '22BT7sDLvwZYZT161Mex', 'Thạnh Mỹ Lợi', 'TML', 'Quận 2', '', '', '10.778622, 106.778619', '2020-06-17 06:19:39', '', 1, 'NORMAL', NULL, NULL, 1, 0, NULL, 0, 0, 1, 0, 1, 0, 1, 1, 1, NULL, '2020-06-17 06:25:32', '2020-06-18 06:23:37'),
('DAeKK34gX3ULaMUAHxdr', 'QTN', 'pVZXXF6m4EHwn3VhohRL', 'ttBT7sDLvwZYZT161Mex', 'Phú Cường', 'PC_NS', 'Sông Sài Gòn', '', '', '10.979982, 106.645121', '2020-06-17 08:18:27', '', 1, 'NORMAL', NULL, NULL, 1, 0, NULL, 0, 0, 1, 0, 1, 0, 1, 1, 1, NULL, '2020-06-17 08:39:53', '2020-06-17 08:39:53'),
('djgH31ObvGPdFRmGwkTl', 'QTK', 'iCXwberyd08CDMLPEPtI', '33BT7sDLvwZYZT161Mex', 'Đô Thành', 'ĐT', 'Quận 3', '', '', '10.773192, 106.681873', '2020-06-17 09:03:40', '', 1, 'NORMAL', NULL, NULL, 1, 0, NULL, 0, 0, 1, 0, 1, 0, 1, 1, 1, NULL, '2020-06-17 09:12:45', '2020-06-17 09:12:45'),
('dTSWKPXamDDcXBtnFOey', 'QTN', '8kYSsfV5O1LXlEM616vh', 'eeBT7sDLvwZYZT161Mex', 'Cầu Đỏ', 'CĐ_nk', 'Quận Bình Thạnh', '', '', '106.7057, 10.81736', '2020-06-17 07:27:05', '', 1, 'NORMAL', NULL, NULL, 1, 0, NULL, 0, 0, 1, 0, 1, 0, 1, 1, 1, NULL, '2020-06-17 07:32:13', '2020-06-17 07:32:13'),
('Epbg8fSUzUibglFMb4QK', 'QTN', 'pVZXXF6m4EHwn3VhohRL', 'ttBT7sDLvwZYZT161Mex', 'Kênh N46', 'N46_NS', 'Thuộc hệ thống Kênh Đông', '', '', '10.944927, 106.50551', '2020-06-17 08:18:27', '', 1, 'NORMAL', NULL, NULL, 1, 0, NULL, 0, 0, 1, 0, 1, 0, 1, 1, 1, NULL, '2020-06-17 08:33:43', '2020-06-17 08:33:43'),
('eS5MqrF289Dacqh1zz0N', 'QTN', '8kYSsfV5O1LXlEM616vh', 'eeBT7sDLvwZYZT161Mex', 'Cống Vàm Thuật', 'VT_nk', 'Quận Bình Thạnh', '', '', '106.70007, 10.83437', '2020-06-17 07:27:05', '', 1, 'NORMAL', NULL, NULL, 1, 0, NULL, 0, 0, 1, 0, 1, 0, 1, 1, 1, NULL, '2020-06-17 07:45:18', '2020-06-17 07:45:18'),
('fdP06ngaENLJeYlFRp9F', 'QTN', '257y88dihVoP0t7lnPV0', 'yyBT7sDLvwZYZT161Mex', 'Lòng Tàu', 'LT', 'Huyện Cần Giờ', '', '', '10.47125, 106.937861', '2020-06-17 07:02:38', '', 1, 'NORMAL', NULL, NULL, 1, 0, NULL, 0, 0, 1, 0, 1, 0, 1, 1, 1, NULL, '2020-06-17 07:12:31', '2020-06-17 07:12:31'),
('fE08CKHVVoDdEvBjpaoD', 'QTN', '257y88dihVoP0t7lnPV0', 'yyBT7sDLvwZYZT161Mex', 'Cái Mép', 'CM', 'Huyện Cần Giờ', '', '', '10.487861, 106.992389', '2020-06-17 07:02:38', '', 1, 'NORMAL', NULL, NULL, 1, 0, NULL, 0, 0, 1, 0, 1, 0, 1, 1, 1, NULL, '2020-06-17 07:07:03', '2020-06-17 07:07:03'),
('FfKKU60LlL4dsACRiat0', 'QTN', '8kYSsfV5O1LXlEM616vh', '11BT7sDLvwZYZT161Mex', 'Hải Đức', 'HD_nk', 'Kênh Nhiêu Lộc - Thị Nghè', '', '', '10.795926, 106.68762', '2020-06-17 07:27:05', '', 1, 'NORMAL', NULL, NULL, 1, 0, NULL, 0, 0, 1, 0, 1, 0, 1, 1, 1, NULL, '2020-06-17 07:46:53', '2020-06-17 07:46:53'),
('Fhu1ga8rq22atJyCH8WU', 'QTN', '257y88dihVoP0t7lnPV0', 'yyBT7sDLvwZYZT161Mex', 'Bãi Cần Thạnh', 'BCT', 'Huyện Cần Giờ', '', '', '10.413167, 106.974278', '2020-06-17 07:02:38', '', 1, 'NORMAL', NULL, NULL, 1, 0, NULL, 0, 0, 1, 0, 1, 0, 1, 1, 1, NULL, '2020-06-17 07:06:06', '2020-06-17 07:06:06'),
('FRxAjpZ3mb90q1eUK9am', 'QTN', '8kYSsfV5O1LXlEM616vh', '88BT7sDLvwZYZT161Mex', 'Phú Định', 'PD_nk', 'Kênh Đôi – Tẻ', '', '', '10.732035, 106.635395', '2020-06-17 07:27:05', '', 1, 'NORMAL', NULL, NULL, 1, 0, NULL, 0, 0, 1, 0, 1, 0, 1, 1, 1, NULL, '2020-06-17 07:59:25', '2020-06-17 07:59:25'),
('fTUCucWPw5zYWkel2qmT', 'QTN', '8kYSsfV5O1LXlEM616vh', 'eeBT7sDLvwZYZT161Mex', 'Cầu văn thánh 2', 'RVT2', 'Kênh Nhiêu Lộc - Thị Nghè', '', '', '106.71612, 10.80012', '2020-06-17 07:27:05', '', 1, 'NORMAL', NULL, NULL, 1, 0, NULL, 0, 0, 1, 0, 1, 0, 1, 1, 1, NULL, '2020-06-17 07:39:47', '2020-06-17 07:39:47'),
('G1ghOBQsr00T29adnCZe', 'QTK', 'iCXwberyd08CDMLPEPtI', '77BT7sDLvwZYZT161Mex', 'NVL-HTP', 'NVL-HTP', 'Quận 7', '', '', '10.752865, 106.728389', '2020-06-17 09:03:40', '', 1, 'NORMAL', NULL, NULL, 1, 0, NULL, 0, 0, 1, 0, 1, 0, 1, 1, 1, NULL, '2020-06-17 09:22:02', '2020-06-17 09:22:02'),
('GEAd34k875DRV18gtT6Z', 'QTN', 'p1R0HGiFGdyZFBuLse5b', 'nnBT7sDLvwZYZT161Mex', 'Thới Tam Thôn', 'TTT', 'Quận Hóc Môn', '', '', '10.894842, 106.612292', '2020-06-17 06:08:44', '', 1, 'NORMAL', NULL, NULL, 1, 0, NULL, 0, 0, 1, 0, 1, 0, 1, 1, 1, NULL, '2020-06-17 06:10:46', '2020-06-18 06:24:58'),
('genc0sk8aqRsVlhIcU7G', 'QTK', 'iCXwberyd08CDMLPEPtI', 'ggBT7sDLvwZYZT161Mex', 'Tham Lương', 'TL', 'Quận Tân Bình', '', '', '10.824958, 106.626828', '2020-06-17 09:03:40', '', 1, 'NORMAL', NULL, NULL, 1, 0, NULL, 0, 0, 1, 0, 1, 0, 1, 1, 1, NULL, '2020-06-17 09:32:58', '2020-06-17 09:32:58'),
('godSZzPlx6pXbrXDztlM', 'QTN', '8kYSsfV5O1LXlEM616vh', '55BT7sDLvwZYZT161Mex', 'Chà Và', 'CV_nk', 'Kênh Tàu Hủ – Bến Nghé', '', '', '10.747588, 106.662056', '2020-06-17 07:27:05', '', 1, 'NORMAL', NULL, NULL, 1, 0, NULL, 0, 0, 1, 0, 1, 0, 1, 1, 1, NULL, '2020-06-17 07:40:48', '2020-06-17 07:40:48'),
('h15wsOBYtZUcKvcHX3e5', 'QTK', 'iCXwberyd08CDMLPEPtI', '22BT7sDLvwZYZT161Mex', 'Sài Gòn', 'SG', 'Công viên cầu Sài Gòn', '', '', '10.800381, 106.730794', '2020-06-17 09:03:40', '', 1, 'NORMAL', NULL, NULL, 1, 0, NULL, 0, 0, 1, 0, 1, 0, 1, 1, 1, NULL, '2020-06-17 09:26:48', '2020-06-17 09:26:48'),
('ha8nnO4zDyMnr7TKX9KF', 'QTK', 'iCXwberyd08CDMLPEPtI', 'ccBT7sDLvwZYZT161Mex', 'Thới An', 'TA', 'Quận 12', '', '', '10.873486, 106.653980', '2020-06-17 09:03:40', '', 1, 'NORMAL', NULL, NULL, 1, 0, NULL, 0, 0, 1, 0, 1, 0, 1, 1, 1, NULL, '2020-06-17 09:34:18', '2020-06-17 09:34:18'),
('hKI8vWNWBCGssPfh6Sks', 'QTN', 'pVZXXF6m4EHwn3VhohRL', 'nnBT7sDLvwZYZT161Mex', 'Rạch Tra', 'RT_NS', 'Sông Sài Gòn', '', '', '10.918593, 106.650704', '2020-06-17 08:18:27', '', 1, 'NORMAL', NULL, NULL, 1, 0, NULL, 0, 0, 1, 0, 1, 0, 1, 1, 1, NULL, '2020-06-17 08:42:00', '2020-06-17 08:42:00'),
('HOJFVXUBHCdRriSr2aMj', 'QTN', '257y88dihVoP0t7lnPV0', 'yyBT7sDLvwZYZT161Mex', 'Đồng Tranh', 'DTr', 'Huyện Cần Giờ', '', '', '10.413194, 106.860361', '2020-06-17 07:02:38', '', 1, 'NORMAL', NULL, NULL, 1, 0, NULL, 0, 0, 1, 0, 1, 0, 1, 1, 1, NULL, '2020-06-17 07:09:43', '2020-06-17 07:09:43'),
('ii6QMQ0RFrmM76M4eZ9E', 'QTK', 'iCXwberyd08CDMLPEPtI', 'ffBT7sDLvwZYZT161Mex', 'An Sương', 'AS', 'Quận Gò Vấp', '', '', '10.842389, 106.615694', '2020-06-17 09:03:40', '', 1, 'NORMAL', NULL, NULL, 1, 0, NULL, 0, 0, 1, 0, 1, 0, 1, 1, 1, NULL, '2020-06-17 09:05:54', '2020-06-17 09:05:54'),
('ipj3S51iUwgbHi4UM4vg', 'QTN', 'pVZXXF6m4EHwn3VhohRL', 'yyBT7sDLvwZYZT161Mex', 'Đồng Tranh 1', 'ĐT1_NS', 'Sông Đồng Tranh', '', '', '10.448020, 106.868450', '2020-06-17 08:18:27', '', 1, 'NORMAL', NULL, NULL, 1, 0, NULL, 0, 0, 1, 0, 1, 0, 1, 1, 1, NULL, '2020-06-17 08:30:43', '2020-06-17 08:30:43'),
('j66W9oTAsVgLP72m4Wtv', 'QTN', 'pVZXXF6m4EHwn3VhohRL', 'ooBT7sDLvwZYZT161Mex', 'Hòa Phú', 'HP_NS', 'Sông Sài Gòn', '', '', '10.985454, 106.621121', '2020-06-17 08:18:27', '', 1, 'NORMAL', NULL, NULL, 1, 0, NULL, 0, 0, 1, 0, 1, 0, 1, 1, 1, NULL, '2020-06-17 08:32:44', '2020-06-17 08:32:44'),
('jdS20l4nmkDrIs3GV2jz', 'QTN', 'pVZXXF6m4EHwn3VhohRL', 'yyBT7sDLvwZYZT161Mex', 'Đồng Tranh', 'ĐT_NS', 'Sông Đồng Tranh', '', '', '10.448036, 106.868478', '2020-06-17 08:18:27', '', 1, 'NORMAL', NULL, NULL, 1, 0, NULL, 0, 0, 1, 0, 1, 0, 1, 1, 1, NULL, '2020-06-17 08:29:55', '2020-06-17 08:29:55'),
('jt9FWP1UFDKqSxLFuLWw', 'QTN', 'p1R0HGiFGdyZFBuLse5b', 'nnBT7sDLvwZYZT161Mex', 'Đông Thạnh', 'CTT', 'Quận Hóc Môn', '', '', '10.912767, 106.64365', '2020-06-17 06:33:54', '', 1, 'NORMAL', NULL, NULL, 1, 0, NULL, 0, 0, 1, 0, 1, 0, 1, 1, 1, NULL, '2020-06-17 06:39:57', '2020-06-18 04:52:00'),
('jV4Y78gfkmZysTWAnuSy', 'QTN', '257y88dihVoP0t7lnPV0', 'yyBT7sDLvwZYZT161Mex', 'Đồng Hòa', 'BDH', 'Huyện Cần Giờ', '', '', '10.367444, 106.891361', '2020-06-17 07:02:38', '', 1, 'NORMAL', NULL, NULL, 1, 0, NULL, 0, 0, 1, 0, 1, 0, 1, 1, 1, NULL, '2020-06-17 07:08:50', '2020-06-17 07:08:50'),
('jWO61oEhiZ74PglqC5wZ', 'QTN', '257y88dihVoP0t7lnPV0', 'yyBT7sDLvwZYZT161Mex', 'CV Cần Thạnh', 'CVCT', 'Huyện Cần Giờ', '', '', '10.41316, 106.97227', '2020-06-17 07:02:38', '', 1, 'NORMAL', NULL, NULL, 1, 0, NULL, 0, 0, 1, 0, 1, 0, 1, 1, 1, NULL, '2020-06-17 07:07:57', '2020-06-17 07:07:57'),
('K3iHp1dhYGNjQmwq1iCw', 'QTK', 'iCXwberyd08CDMLPEPtI', 'eeBT7sDLvwZYZT161Mex', 'Gia Định', 'GĐ', 'Quận Bình Thạnh', '', '', '10.809100, 106.702563', '2020-06-17 09:03:40', '', 1, 'NORMAL', NULL, NULL, 1, 0, NULL, 0, 0, 1, 0, 1, 0, 1, 1, 1, NULL, '2020-06-17 09:15:06', '2020-06-17 09:15:06'),
('kBawgwU9HnKvlyQ7xkPF', 'QTN', '8kYSsfV5O1LXlEM616vh', 'ggBT7sDLvwZYZT161Mex', 'Cầu số 1', 'CS1_nk', 'Kênh Nhiêu Lộc - Thị Nghè', '', '', '10.792036, 106.66123', '2020-06-17 07:27:05', '', 1, 'NORMAL', NULL, NULL, 1, 0, NULL, 0, 0, 1, 0, 1, 0, 1, 1, 1, NULL, '2020-06-17 07:36:06', '2020-06-17 07:36:06'),
('KDmfLwognwR5yXFZGKaZ', 'QTN', '8kYSsfV5O1LXlEM616vh', '11BT7sDLvwZYZT161Mex', 'Nguyễn Hữu Cảnh', 'TN2_nk', 'Kênh Nhiêu Lộc - Thị Nghè', '', '', '10.78927, 106.682614', '2020-06-17 07:27:05', '', 1, 'NORMAL', NULL, NULL, 1, 0, NULL, 0, 0, 1, 0, 1, 0, 1, 1, 1, NULL, '2020-06-17 07:51:23', '2020-06-17 07:51:23'),
('KeOa4S73PyqgzJVzq2jt', 'QTN', 'p1R0HGiFGdyZFBuLse5b', 'nnBT7sDLvwZYZT161Mex', 'Tân Phú Trung', 'TPT', 'Quận Hóc Môn', '', '', '10.938967, 106.544553', '2020-06-17 06:19:39', '', 1, 'NORMAL', NULL, NULL, 1, 0, NULL, 0, 0, 1, 0, 1, 0, 1, 1, 1, NULL, '2020-06-17 06:22:11', '2020-06-18 06:22:21'),
('kHbfpqEFe33l9oevEeVm', 'QTK', 'iCXwberyd08CDMLPEPtI', '33BT7sDLvwZYZT161Mex', 'Trạm DOSTE', 'DOS', 'Quận 3', '', '', '10.780307, 106.687455', '2020-06-17 09:03:40', '', 1, 'NORMAL', NULL, NULL, 1, 0, NULL, 0, 0, 1, 0, 1, 0, 1, 1, 1, NULL, '2020-06-17 09:35:46', '2020-06-17 09:35:46'),
('liFZaoqanYtBoYAok4FC', 'QTN', 'pVZXXF6m4EHwn3VhohRL', 'ppBT7sDLvwZYZT161Mex', 'Ngã Bảy', 'N7_NS', 'Sông Ngã Bảy', '', '', '10.474702, 106.942284', '2020-06-17 08:18:27', '', 1, 'NORMAL', NULL, NULL, 1, 0, NULL, 0, 0, 1, 0, 1, 0, 1, 1, 1, NULL, '2020-06-17 08:36:57', '2020-06-17 08:36:57'),
('lmphiBZO5pADmrcnzDQI', 'QTN', 'pVZXXF6m4EHwn3VhohRL', '77BT7sDLvwZYZT161Mex', 'Phú Mỹ', 'PM_NS', 'Sông Sài Gòn', '', '', '10.744092, 106.746508', '2020-06-17 08:18:27', '', 1, 'NORMAL', NULL, NULL, 1, 0, NULL, 0, 0, 1, 0, 1, 0, 1, 1, 1, NULL, '2020-06-17 08:41:20', '2020-06-17 08:41:20'),
('Lv6JEroGIn7xBOJ5a2iH', 'QTN', '8kYSsfV5O1LXlEM616vh', '88BT7sDLvwZYZT161Mex', 'Chánh Hưng', 'CH_nk', 'Quận 8', '', '', '10.666302, 107.4399', '2020-06-17 07:27:05', '', 1, 'NORMAL', NULL, NULL, 1, 0, NULL, 0, 0, 1, 0, 1, 0, 1, 1, 1, NULL, '2020-06-17 07:42:48', '2020-06-17 07:42:48'),
('LxceOC7VLm27ml8SeNpq', 'QTK', 'iCXwberyd08CDMLPEPtI', '11BT7sDLvwZYZT161Mex', 'Thảo Cầm Viên', 'ZOO', 'Quận 1', '', '', '10.789459, 106.704877', '2020-06-17 09:03:40', '', 1, 'NORMAL', NULL, NULL, 1, 0, NULL, 0, 0, 1, 0, 1, 0, 1, 1, 1, NULL, '2020-06-17 09:33:34', '2020-06-17 09:33:34'),
('N0ps4I9XZgRDYLCclrWQ', 'QTN', 'pVZXXF6m4EHwn3VhohRL', 'yyBT7sDLvwZYZT161Mex', 'Cái Mép', 'CM_NS', 'Sông Cái Mép', '', '', '10.506869, 107.004339', '2020-06-17 08:18:27', '', 1, 'NORMAL', NULL, NULL, 1, 0, NULL, 0, 0, 1, 0, 1, 0, 1, 1, 1, NULL, '2020-06-17 08:28:38', '2020-06-17 08:28:38'),
('N600tQs36xtZ1Huf09FT', 'QTK', 'iCXwberyd08CDMLPEPtI', '22BT7sDLvwZYZT161Mex', 'Vòng xoay Mỹ Thủy', 'CL', 'Quận 2', '', '', '10.770695, 106.775055', '2020-06-17 09:03:40', '', 1, 'NORMAL', NULL, NULL, 1, 0, NULL, 0, 0, 1, 0, 1, 0, 1, 1, 1, NULL, '2020-06-17 09:40:42', '2020-06-17 09:40:42'),
('nc5fDXquMmGR0hjNE8VM', 'QTN', '257y88dihVoP0t7lnPV0', 'yyBT7sDLvwZYZT161Mex', 'KDL 30/4', 'KDL304', 'Huyện Cần Giờ', '', '', '10.385315, 106.921676', '2020-06-17 07:02:38', '', 1, 'NORMAL', NULL, NULL, 1, 0, NULL, 0, 0, 1, 0, 1, 0, 1, 1, 1, NULL, '2020-06-17 07:11:35', '2020-06-17 07:11:35'),
('nKnjw3C23b9G0om0tBrU', 'QTN', '8kYSsfV5O1LXlEM616vh', 'ddBT7sDLvwZYZT161Mex', 'Cầu Mình Thuận', 'BT2_nk', 'Quận Bình Tân', '', '', '106.59488, 10.78594', '2020-06-17 07:27:05', '', 1, 'NORMAL', NULL, NULL, 1, 0, NULL, 0, 0, 1, 0, 1, 0, 1, 1, 1, NULL, '2020-06-17 07:33:26', '2020-06-17 07:33:26'),
('nNzojJtAEvcRMRaL3O0z', 'QTN', 'pVZXXF6m4EHwn3VhohRL', 'ppBT7sDLvwZYZT161Mex', 'Bình An', 'BA_NS', 'Sông Đồng Nai', '', '', '10.855890, 106.849777', '2020-06-17 08:18:27', '', 1, 'NORMAL', NULL, NULL, 1, 0, NULL, 0, 0, 1, 0, 1, 0, 1, 1, 1, NULL, '2020-06-17 08:25:35', '2020-06-17 08:25:35'),
('noNzK2ASNUXUfPBBV2Vp', 'QTK', 'iCXwberyd08CDMLPEPtI', 'ffBT7sDLvwZYZT161Mex', 'Gò Vấp', 'GV', 'Quận Gò Vấp', '', '', '10.826316, 106.679861', '2020-06-17 09:03:40', '', 1, 'NORMAL', NULL, NULL, 1, 0, NULL, 0, 0, 1, 0, 1, 0, 1, 1, 1, NULL, '2020-06-17 09:15:47', '2020-06-17 09:15:47'),
('nSzb9JP7Awn2OpcI0Mca', 'QTK', 'iCXwberyd08CDMLPEPtI', 'eeBT7sDLvwZYZT161Mex', 'Vòng Xoay Hàng Xanh', 'HX', 'Quận Bình Thạnh', '', '', '10.801436, 106.711444', '2020-06-17 09:03:40', '', 1, 'NORMAL', NULL, NULL, 1, 0, NULL, 0, 0, 1, 0, 1, 0, 1, 1, 1, NULL, '2020-06-17 09:39:54', '2020-06-17 09:39:54'),
('o6maejsRbC2LfeQDSkX9', 'QTN', 'p1R0HGiFGdyZFBuLse5b', 'ddBT7sDLvwZYZT161Mex', 'Gò Cát', 'GC', 'Quận Bình Tân', '', '', '10.791102, 106.596813', '2020-06-17 06:33:54', '', 1, 'NORMAL', NULL, NULL, 1, 0, NULL, 0, 0, 1, 0, 1, 0, 1, 1, 1, NULL, '2020-06-17 06:35:55', '2020-06-18 04:53:28'),
('O6qBJWMOYhCbceGCjjdD', 'QTN', 'pVZXXF6m4EHwn3VhohRL', 'eeBT7sDLvwZYZT161Mex', 'Bình Lợi', 'BL_NS', 'Sông Sài Gòn', '', '', '10.824648, 106.711953', '2020-06-17 08:18:27', '', 1, 'NORMAL', NULL, NULL, 1, 0, NULL, 0, 0, 1, 0, 1, 0, 1, 1, 1, NULL, '2020-06-17 08:27:03', '2020-06-17 08:27:03'),
('owyiJTM1Nb9aCt9brV4T', 'QTN', '8kYSsfV5O1LXlEM616vh', '11BT7sDLvwZYZT161Mex', 'Cầu Mống', 'CM_nk', 'Kênh Tàu Hủ – Bến Nghé', '', '', '10.766759, 106.705397', '2020-06-17 07:27:05', '', 1, 'NORMAL', NULL, NULL, 1, 0, NULL, 0, 0, 1, 0, 1, 0, 1, 1, 1, NULL, '2020-06-17 07:34:56', '2020-06-17 07:34:56'),
('OZ8KEurM0mxvL5pnzTQn', 'QTK', 'iCXwberyd08CDMLPEPtI', '99BT7sDLvwZYZT161Mex', 'Sân Golf Quận 9', 'Q9', 'Công viên cầu Sài Gòn', '', '', '10.866276, 106.824083', '2020-06-17 09:03:40', '', 1, 'NORMAL', NULL, NULL, 1, 0, NULL, 0, 0, 1, 0, 1, 0, 1, 1, 1, NULL, '2020-06-17 09:27:39', '2020-06-17 09:27:39'),
('pNeSYxSRrX3vutKJJhc4', 'QTK', 'iCXwberyd08CDMLPEPtI', '99BT7sDLvwZYZT161Mex', 'Suối Tiên', 'ST', 'Xa lộ Hà Nội', '', '', '10.866127, 106.802676', '2020-06-17 09:03:40', '', 1, 'NORMAL', NULL, NULL, 1, 0, NULL, 0, 0, 1, 0, 1, 0, 1, 1, 1, NULL, '2020-06-17 09:28:39', '2020-06-17 09:28:39'),
('q01JCtskqUKmzRBSJu6l', 'QTN', 'pVZXXF6m4EHwn3VhohRL', 'yyBT7sDLvwZYZT161Mex', 'Hóa An', 'HA_NS', 'Tỉnh Đồng Nai', '', '', '10.946509, 106.807731', '2020-06-17 08:18:27', '', 1, 'NORMAL', NULL, NULL, 1, 0, NULL, 0, 0, 1, 0, 1, 0, 1, 1, 1, NULL, '2020-06-17 08:31:46', '2020-06-17 08:31:46'),
('QFuXikRKJvQUieZWh53v', 'QTK', 'iCXwberyd08CDMLPEPtI', 'ooBT7sDLvwZYZT161Mex', 'Phòng Tài Nguyên và Môi trường', 'TĐ', 'Quận Thủ Đức', '', '', '10.847313, 106.771617', '2020-06-17 09:03:40', '', 1, 'NORMAL', NULL, NULL, 1, 0, NULL, 0, 0, 1, 0, 1, 0, 1, 1, 1, NULL, '2020-06-17 09:22:57', '2020-06-17 09:22:57'),
('qIG562dWjLFyiANxKnqm', 'QTN', 'pVZXXF6m4EHwn3VhohRL', 'yyBT7sDLvwZYZT161Mex', 'Vàm Sát', 'VS_NS', 'Sông Nhà Bè', '', '', '10.48887, 106.799979', '2020-06-17 08:18:27', '', 1, 'NORMAL', NULL, NULL, 1, 0, NULL, 0, 0, 1, 0, 1, 0, 1, 1, 1, NULL, '2020-06-17 08:54:22', '2020-06-17 08:54:22'),
('qMJZtuzR6Ba7Z8leTbbj', 'QTK', 'iCXwberyd08CDMLPEPtI', '22BT7sDLvwZYZT161Mex', 'An Phú', 'AP', 'Nút giao thông An Phú-Quận 2', '', '', '10.791185, 106.745956', '2020-06-17 09:03:40', '', 1, 'NORMAL', NULL, NULL, 1, 0, NULL, 0, 0, 1, 0, 1, 0, 1, 1, 1, NULL, '2020-06-17 09:04:56', '2020-06-17 09:04:56'),
('qpehG7T6muTFPzGXYB2c', 'QTK', 'iCXwberyd08CDMLPEPtI', 'hhBT7sDLvwZYZT161Mex', 'Trạm Tân Sơn Hòa', 'TSH', 'Quận Phú Nhuận', '', '', '10.795618, 106.672849', '2020-06-17 09:03:40', '', 1, 'NORMAL', NULL, NULL, 1, 0, NULL, 0, 0, 1, 0, 1, 0, 1, 1, 1, NULL, '2020-06-17 09:37:57', '2020-06-17 09:37:57'),
('r28990LNFRFOFg2MU0OZ', 'QTN', 'pVZXXF6m4EHwn3VhohRL', '44BT7sDLvwZYZT161Mex', 'Vàm Cỏ', 'VC_NS', 'Cửa sông Vàm Cỏ', '', '', '10.506869, 107.004339', '2020-06-17 08:18:27', '', 1, 'NORMAL', NULL, NULL, 1, 0, NULL, 0, 0, 1, 0, 1, 0, 1, 1, 1, NULL, '2020-06-17 08:53:39', '2020-06-17 08:53:39'),
('r9DrfFKWcDfW1NmUTVUF', 'QTN', 'p1R0HGiFGdyZFBuLse5b', 'ccBT7sDLvwZYZT161Mex', 'Tân Chánh Hiệp', 'TCH', 'Quận 12', '', '', '10.854786, 106.632711', '2020-06-17 06:33:54', '', 1, 'NORMAL', NULL, NULL, 1, 0, NULL, 0, 0, 1, 0, 1, 0, 1, 1, 1, NULL, '2020-06-17 06:34:31', '2020-06-18 06:19:41'),
('RG87oYqmXoySNC5oVZSM', 'QTN', 'pVZXXF6m4EHwn3VhohRL', 'ppBT7sDLvwZYZT161Mex', 'Lòng Tàu 1', 'LT1_NS', 'Sông Lòng Tàu', '', '', '10.668904, 106.786612', '2020-06-17 08:18:27', '', 1, 'NORMAL', NULL, NULL, 1, 0, NULL, 0, 0, 1, 0, 1, 0, 1, 1, 1, NULL, '2020-06-17 08:35:29', '2020-06-17 08:35:29'),
('Rh0UfPSbashkDuj7hoI6', 'QTN', '8kYSsfV5O1LXlEM616vh', 'eeBT7sDLvwZYZT161Mex', 'Bùi Hữu Nghĩa', 'BHN_nk', 'Quận Bình Thạnh', '', '', '106.69784, 10.79385', '2020-06-17 07:27:05', '', 1, 'NORMAL', NULL, NULL, 1, 0, NULL, 0, 0, 1, 0, 1, 0, 1, 1, 1, NULL, '2020-06-17 07:29:59', '2020-06-17 07:29:59'),
('RiJzwwBjc0U0Wmd3jfFV', 'QTN', '8kYSsfV5O1LXlEM616vh', 'ddBT7sDLvwZYZT161Mex', 'Nước Lên', 'NL_nk', 'Quận Bình Tân', '', '', '10.71881, 106.60416', '2020-06-17 07:27:05', '', 1, 'NORMAL', NULL, NULL, 1, 0, NULL, 0, 0, 1, 0, 1, 0, 1, 1, 1, NULL, '2020-06-17 07:53:05', '2020-06-17 07:53:05'),
('Rkg0qHG45WtHhjxOPyFD', 'QTN', 'pVZXXF6m4EHwn3VhohRL', 'yyBT7sDLvwZYZT161Mex', 'Tam Thôn Hiệp', 'TTH_NS', 'Sông Lòng Tàu', '', '', '10.60498, 106.868951', '2020-06-17 08:18:27', '', 1, 'NORMAL', NULL, NULL, 1, 0, NULL, 0, 0, 1, 0, 1, 0, 1, 1, 1, NULL, '2020-06-17 08:43:42', '2020-06-17 08:43:42'),
('S2Y5GwzPOxQXAaiXEhIU', 'QTN', '8kYSsfV5O1LXlEM616vh', '44BT7sDLvwZYZT161Mex', 'Tân Thuận', 'TThu_nk', 'Quận 4', '', '', '10.75521, 106.72026', '2020-06-17 07:27:05', '', 1, 'NORMAL', NULL, NULL, 1, 0, NULL, 0, 0, 1, 0, 1, 0, 1, 1, 1, NULL, '2020-06-17 08:01:45', '2020-06-17 08:01:45'),
('S8BRuYh9IfHEqYLSdD4g', 'QTK', 'iCXwberyd08CDMLPEPtI', '55BT7sDLvwZYZT161Mex', 'Trạm Hồng Bàng', 'HB', 'Quận 5', '', '', '10.755323, 106.661384', '2020-06-17 09:03:40', '', 1, 'NORMAL', NULL, NULL, 1, 0, NULL, 0, 0, 1, 0, 1, 0, 1, 1, 1, NULL, '2020-06-17 09:36:29', '2020-06-17 09:36:29'),
('Sk2hSAY2ycAqrPEGcLIL', 'QTN', 'p1R0HGiFGdyZFBuLse5b', 'ccBT7sDLvwZYZT161Mex', 'Đông Hưng Thuận', 'DHT', 'Quận 12', '', '', '10.831567, 106.630933', '2020-06-17 06:19:39', '', 1, 'NORMAL', NULL, NULL, 1, 0, NULL, 0, 0, 1, 0, 1, 0, 1, 1, 1, NULL, '2020-06-17 06:23:26', '2020-06-18 04:50:55'),
('SmVp0Hx6gm4a0VV4A434', 'QTK', 'iCXwberyd08CDMLPEPtI', 'ccBT7sDLvwZYZT161Mex', 'Tân Thới Hiệp', 'TTH', 'Quận 12', '', '', '10.860761, 106.641303', '2020-06-17 09:03:40', '', 1, 'NORMAL', NULL, NULL, 1, 0, NULL, 0, 0, 1, 0, 1, 0, 1, 1, 1, NULL, '2020-06-17 09:31:37', '2020-06-17 09:31:37'),
('SutlVDrfC3l2UHv6TIay', 'QTN', '8kYSsfV5O1LXlEM616vh', '11BT7sDLvwZYZT161Mex', 'Điện Biên Phủ', 'ĐBP_nk', 'Kênh Nhiêu Lộc - Thị Nghè', '', '', '10.792037, 106.702342', '2020-06-17 07:27:05', '', 1, 'NORMAL', NULL, NULL, 1, 0, NULL, 0, 0, 1, 0, 1, 0, 1, 1, 1, NULL, '2020-06-17 07:45:57', '2020-06-17 07:45:57'),
('t8jnU24FbqRabnYuPMz8', 'QTN', '8kYSsfV5O1LXlEM616vh', '88BT7sDLvwZYZT161Mex', 'Cầu Chữ Y', 'CCY_nk', 'Kênh Tàu Hủ – Bến Nghé', '', '', '10.749259, 106.685675', '2020-06-17 07:27:05', '', 1, 'NORMAL', NULL, NULL, 1, 0, NULL, 0, 0, 1, 0, 1, 0, 1, 1, 1, NULL, '2020-06-17 07:30:56', '2020-06-17 07:30:56'),
('tFlMJM6K83FOv1qhZrN9', 'QTN', '8kYSsfV5O1LXlEM616vh', 'bbBT7sDLvwZYZT161Mex', 'Lê Văn Sỹ', 'LVS_nk', 'Kênh Nhiêu Lộc - Thị Nghè', '', '', '10.784814, 106.682614', '2020-06-17 07:27:05', '', 1, 'NORMAL', NULL, NULL, 1, 0, NULL, 0, 0, 1, 0, 1, 0, 1, 1, 1, NULL, '2020-06-17 07:48:18', '2020-06-17 07:48:18'),
('tihFMQ0xjJVdltv2RTTN', 'QTK', 'iCXwberyd08CDMLPEPtI', '11BT7sDLvwZYZT161Mex', 'ĐTH-ĐBP', 'DTH-DBP', 'Quận 1', '', '', '10.790361, 106.697472', '2020-06-17 09:03:40', '', 1, 'NORMAL', NULL, NULL, 1, 0, NULL, 0, 0, 1, 0, 1, 0, 1, 1, 1, NULL, '2020-06-17 09:13:38', '2020-06-17 09:13:38'),
('TQyrEfK0emPKskdgIxDT', 'QTN', '8kYSsfV5O1LXlEM616vh', 'ffBT7sDLvwZYZT161Mex', 'An Lộc', 'AL_nk', 'Kênh Tham Lương  – Vàm Thuật', '', '', '10.849815, 106.680676', '2020-06-17 07:27:05', '', 1, 'NORMAL', NULL, NULL, 1, 0, NULL, 0, 0, 1, 0, 1, 0, 1, 1, 1, NULL, '2020-06-17 07:27:51', '2020-06-17 07:27:51'),
('ttvTETwnRYj0d4hkAKsE', 'QTN', '8kYSsfV5O1LXlEM616vh', 'ggBT7sDLvwZYZT161Mex', 'Tham Lương', 'TL_nk', 'Kênh Tham Lương  – Vàm Thuật', '', '', '10.823426, 106.629564', '2020-06-17 07:27:05', '', 1, 'NORMAL', NULL, NULL, 1, 0, NULL, 0, 0, 1, 0, 1, 0, 1, 1, 1, NULL, '2020-06-17 08:02:34', '2020-06-17 08:02:34'),
('U0mdWsRt802k7EBKdXZR', 'QTN', 'pVZXXF6m4EHwn3VhohRL', 'ppBT7sDLvwZYZT161Mex', 'An Hạ 1', 'AH1_NS', 'Kênh An Hạ', '', '', '10.788531, 106.515850', '2020-06-17 08:18:27', '', 1, 'NORMAL', NULL, NULL, 1, 0, NULL, 0, 0, 1, 0, 1, 0, 1, 1, 1, NULL, '2020-06-17 08:20:14', '2020-06-17 08:20:14'),
('u5FxGvwKB6ugaaoU1HdQ', 'QTK', 'iCXwberyd08CDMLPEPtI', '11BT7sDLvwZYZT161Mex', 'Quách Thị Trang', 'QTT', 'Quận 1', '', '', '10.776618, 106.699753', '2020-06-17 09:03:40', '', 1, 'NORMAL', NULL, NULL, 1, 0, NULL, 0, 0, 1, 0, 1, 0, 1, 1, 1, NULL, '2020-06-17 09:25:44', '2020-06-17 09:25:44'),
('UQXjKtAmy9nRuGgZjSzd', 'QTN', 'pVZXXF6m4EHwn3VhohRL', 'ttBT7sDLvwZYZT161Mex', 'Bến Súc', 'BS_NS', 'Sông Sài Gòn', '', '', '11.155094, 106.453539', '2020-06-17 08:18:27', '', 1, 'NORMAL', NULL, NULL, 1, 0, NULL, 0, 0, 1, 0, 1, 0, 1, 1, 1, NULL, '2020-06-17 08:23:29', '2020-06-17 08:23:29'),
('uSkBwZpxLK2OwvhEIU8y', 'QTN', 'p1R0HGiFGdyZFBuLse5b', '99BT7sDLvwZYZT161Mex', 'Long Thạnh Mỹ', 'LTM', 'Quận 9', '', '', '10.853333, 106.820103', '2020-06-17 06:19:39', '', 1, 'NORMAL', NULL, NULL, 1, 0, NULL, 0, 0, 1, 0, 1, 0, 1, 1, 1, NULL, '2020-06-17 06:24:33', '2020-06-18 06:13:50'),
('UUhEFofIGrdKBQVjoFNN', 'QTK', 'iCXwberyd08CDMLPEPtI', '66BT7sDLvwZYZT161Mex', 'Phú Định', 'PĐ', 'Quận 6', '', '', '10.731825, 106.633221', '2020-06-17 09:03:40', '', 1, 'NORMAL', NULL, NULL, 1, 0, NULL, 0, 0, 1, 0, 1, 0, 1, 1, 1, NULL, '2020-06-17 09:24:14', '2020-06-17 09:24:14'),
('v2uV7JhtRI8X5fMOn0UE', 'QTK', 'iCXwberyd08CDMLPEPtI', 'ooBT7sDLvwZYZT161Mex', 'Bình Phước', 'BP', 'Quận Thủ Đức', '', '', '10.866409, 106.719029', '2020-06-17 09:03:40', '', 1, 'NORMAL', NULL, NULL, 1, 0, NULL, 0, 0, 1, 0, 1, 0, 1, 1, 1, NULL, '2020-06-17 09:08:50', '2020-06-17 09:08:50'),
('v784z8vHUADWpY0dSwRo', 'QTK', 'iCXwberyd08CDMLPEPtI', '22BT7sDLvwZYZT161Mex', 'Bình Trung Tây', 'BTT', 'Quận 2', '', '', '10.783634, 106.753301', '2020-06-17 09:03:40', '', 1, 'NORMAL', NULL, NULL, 1, 0, NULL, 0, 0, 1, 0, 1, 0, 1, 1, 1, NULL, '2020-06-17 09:09:43', '2020-06-17 09:09:43'),
('VsiizJ8LbpXrfE1LUa1x', 'QTK', 'iCXwberyd08CDMLPEPtI', '22BT7sDLvwZYZT161Mex', 'Hội Liên Hiệp Phụ Nữ Quận 2', 'Q2', 'Quận 2', '', '', '10.791537, 106.749306', '2020-06-17 09:03:40', '', 1, 'NORMAL', NULL, NULL, 1, 0, NULL, 0, 0, 1, 0, 1, 0, 1, 1, 1, NULL, '2020-06-17 09:16:30', '2020-06-17 09:16:30'),
('VufjyCZGNQiObj8mRcHb', 'QTN', '8kYSsfV5O1LXlEM616vh', 'ddBT7sDLvwZYZT161Mex', 'Trung Tâm', 'TrT_nk', 'Quận Bình Tân', '', '', '10.73798, 106.59163', '2020-06-17 07:27:05', '', 1, 'NORMAL', NULL, NULL, 1, 0, NULL, 0, 0, 1, 0, 1, 0, 1, 1, 1, NULL, '2020-06-17 08:03:29', '2020-06-17 08:03:29'),
('vV070RWLfDYHdH1yLDRm', 'QTK', 'iCXwberyd08CDMLPEPtI', 'ppBT7sDLvwZYZT161Mex', 'Trạm Bình Chánh', 'BC', 'Quận Bình Chánh', '', '', '10.728538, 106.607374', '2020-06-17 09:03:40', '', 1, 'NORMAL', NULL, NULL, 1, 0, NULL, 0, 0, 1, 0, 1, 0, 1, 1, 1, NULL, '2020-06-17 09:35:01', '2020-06-17 09:35:01'),
('VV1PrAuoPtFg7z108cuz', 'QTK', 'iCXwberyd08CDMLPEPtI', 'ggBT7sDLvwZYZT161Mex', 'Bà Quẹo', 'BQ', 'Quận Tân Bình', '', '', '10.803719, 106.634533', '2020-06-17 09:03:40', '', 1, 'NORMAL', NULL, NULL, 1, 0, NULL, 0, 0, 1, 0, 1, 0, 1, 1, 1, NULL, '2020-06-17 09:07:28', '2020-06-17 09:07:28'),
('vYzFwtP7zZnAi4OWQF2B', 'QTN', 'pVZXXF6m4EHwn3VhohRL', 'ppBT7sDLvwZYZT161Mex', 'Nhà Bè', 'NB_NS', 'Huyện Nhà Bè', '', '', '10.672564, 106.777202', '2020-06-17 08:18:27', '', 1, 'NORMAL', NULL, NULL, 1, 0, NULL, 0, 0, 1, 0, 1, 0, 1, 1, 1, NULL, '2020-06-17 08:38:13', '2020-06-17 08:38:13'),
('WgueYcn35G4LA0jw7i9p', 'QTK', 'iCXwberyd08CDMLPEPtI', '66BT7sDLvwZYZT161Mex', 'Chợ Phú Lâm', 'PL', 'Quận 6', '', '', '10.755341, 106.631389', '2020-06-17 09:03:40', '', 1, 'NORMAL', NULL, NULL, 1, 0, NULL, 0, 0, 1, 0, 1, 0, 1, 1, 1, NULL, '2020-06-17 09:10:19', '2020-06-17 09:10:19'),
('WHR9AUFT2O40DQp3hbIm', 'QTN', 'pVZXXF6m4EHwn3VhohRL', 'ppBT7sDLvwZYZT161Mex', 'Mủi Đèn Đỏ', 'MĐĐ_NS', 'Sông Đồng Nai', '', '', '10.775952, 106.841745', '2020-06-17 08:18:27', '', 1, 'NORMAL', NULL, NULL, 1, 0, NULL, 0, 0, 1, 0, 1, 0, 1, 1, 1, NULL, '2020-06-17 08:36:21', '2020-06-17 08:36:21'),
('wXuWYR7DhAZTcmm26x31', 'QTN', 'pVZXXF6m4EHwn3VhohRL', 'ooBT7sDLvwZYZT161Mex', 'Bình Phước', 'BP_NS', 'Sông Sài Gòn', '', '', '10.860781, 106.718642', '2020-06-17 08:18:27', '', 1, 'NORMAL', NULL, NULL, 1, 0, NULL, 0, 0, 1, 0, 1, 0, 1, 1, 1, NULL, '2020-06-17 08:27:51', '2020-06-17 08:27:51'),
('X8UVVTfljuu7ullutlEp', 'QTN', '8kYSsfV5O1LXlEM616vh', '88BT7sDLvwZYZT161Mex', 'Nhị Thiên Đường', 'NTĐ_nk', 'Kênh Đôi – Tẻ', '', '', '10.740926, 106.65762', '2020-06-17 07:27:05', '', 1, 'NORMAL', NULL, NULL, 1, 0, NULL, 0, 0, 1, 0, 1, 0, 1, 1, 1, NULL, '2020-06-17 07:52:09', '2020-06-17 07:52:09'),
('XJmXUDywumyvqa1e4zcX', 'QTK', 'iCXwberyd08CDMLPEPtI', 'ggBT7sDLvwZYZT161Mex', 'Tân Bình', 'TB', 'Quận Tân Bình', '', '', '10.815417, 106.621444', '2020-06-17 09:03:40', '', 1, 'NORMAL', NULL, NULL, 1, 0, NULL, 0, 0, 1, 0, 1, 0, 1, 1, 1, NULL, '2020-06-17 09:29:35', '2020-06-17 09:29:35'),
('YQIkCG8HjOT6VroxpXNB', 'QTN', 'p1R0HGiFGdyZFBuLse5b', 'ddBT7sDLvwZYZT161Mex', 'Bình Hưng', 'BH', 'Quận Bình Tân', '', '', '10.7259, 106.67865', '2020-06-17 06:33:54', '', 1, 'NORMAL', NULL, NULL, 1, 0, NULL, 0, 0, 1, 0, 1, 0, 1, 1, 1, NULL, '2020-06-17 06:38:07', '2020-06-18 04:47:27'),
('yuaeuYOxRD5HBebuFJ0F', 'QTN', '8kYSsfV5O1LXlEM616vh', '77BT7sDLvwZYZT161Mex', 'Phú Xuân', 'PX_nk', 'Quận 7', '', '', '10.70351, 106.73789', '2020-06-17 07:27:05', '', 1, 'NORMAL', NULL, NULL, 1, 0, NULL, 0, 0, 1, 0, 1, 0, 1, 1, 1, NULL, '2020-06-17 08:00:16', '2020-06-17 08:00:16'),
('YXRkGP4oR1zHncEZ03nj', 'QTN', 'pVZXXF6m4EHwn3VhohRL', 'ttBT7sDLvwZYZT161Mex', 'Ông Cộ', 'OC_NS', 'Kênh Nhiêu Lộc - Thị Nghè', '', '', '11.040725, 106.607383', '2020-06-17 08:18:27', '', 1, 'NORMAL', NULL, NULL, 1, 0, NULL, 0, 0, 1, 0, 1, 0, 1, 1, 1, NULL, '2020-06-17 08:39:10', '2020-06-17 08:39:10'),
('YY4NfyzNBQIxSuVrEbew', 'QTN', 'p1R0HGiFGdyZFBuLse5b', 'aaBT7sDLvwZYZT161Mex', 'Phú Thọ', 'PT', 'Quận 10', '', '', '10.770183, 106.65405', '2020-06-17 06:19:39', '', 1, 'NORMAL', NULL, NULL, 1, 0, NULL, 0, 0, 1, 0, 1, 0, 1, 1, 1, NULL, '2020-06-17 06:26:37', '2020-06-18 06:18:23'),
('z67Yt61IBjwBQREycwFG', 'QTN', '8kYSsfV5O1LXlEM616vh', '77BT7sDLvwZYZT161Mex', 'Rạch Ngựa', 'RN_nk', 'Kênh Tàu Hủ – Bến Nghé', '', '', '10.73176, 106.620675', '2020-06-17 07:27:05', '', 1, 'NORMAL', NULL, NULL, 1, 0, NULL, 0, 0, 1, 0, 1, 0, 1, 1, 1, NULL, '2020-06-17 08:00:57', '2020-06-17 08:00:57'),
('zbijfvt7zFhBMDs6LWzz', 'QTN', '8kYSsfV5O1LXlEM616vh', 'eeBT7sDLvwZYZT161Mex', 'Cầu Văn Thánh', 'RVT_nk', 'Quận Bình Thạnh', '', '', '106.71627, 10.80024', '2020-06-17 07:27:05', '', 1, 'NORMAL', NULL, NULL, 1, 0, NULL, 0, 0, 1, 0, 1, 0, 1, 1, 1, NULL, '2020-06-17 07:37:15', '2020-06-17 07:37:15'),
('ZcUk5vAhcQemcuJh23Zv', 'QTK', 'iCXwberyd08CDMLPEPtI', 'iiBT7sDLvwZYZT161Mex', 'Tân Phú', 'TP', 'Quận Tân Phú', '', '', '10.782941, 106.631438', '2020-06-17 09:03:40', '', 1, 'NORMAL', NULL, NULL, 1, 0, NULL, 0, 0, 1, 0, 1, 0, 1, 1, 1, NULL, '2020-06-17 09:30:24', '2020-06-17 09:30:24'),
('ZnC41UgCZ4dMBbXpssas', 'QTN', 'pVZXXF6m4EHwn3VhohRL', 'ttBT7sDLvwZYZT161Mex', 'Thầy Cai', 'CTT_NS', 'Kênh Thầy Cai', '', '', '10.940844, 106.455371', '2020-06-17 08:18:27', '', 1, 'NORMAL', NULL, NULL, 1, 0, NULL, 0, 0, 1, 0, 1, 0, 1, 1, 1, NULL, '2020-06-17 08:52:58', '2020-06-17 08:52:58'),
('zvGAZ5IBqoWmwD6Y5aTe', 'QTN', 'p1R0HGiFGdyZFBuLse5b', 'ffBT7sDLvwZYZT161Mex', 'Gò Vấp', 'NNGV', 'Quận Gò Vấp', '', '', '10.850633, 106.677617', '2020-06-17 06:33:54', '', 1, 'NORMAL', NULL, NULL, 1, 0, NULL, 0, 0, 1, 0, 1, 0, 1, 1, 1, NULL, '2020-06-17 06:41:03', '2020-06-18 04:54:29');

INSERT INTO `station_ftp` (`id`, `stationId`, `ftpFolder`, `host`, `username`, `password`, `port`, `ftpFilename`, `deletedAt`, `createdAt`, `updatedAt`) VALUES
('0bdYucKRAPnagbbGPNfi', '7GUz8SWehus5LGqnp9JB', NULL, NULL, NULL, NULL, 21, NULL, NULL, '2020-06-17 07:57:43', '2020-06-17 07:57:43'),
('0S6gYJFiYO28y2zjjaSM', 'lmphiBZO5pADmrcnzDQI', NULL, NULL, NULL, NULL, 21, NULL, NULL, '2020-06-17 08:41:20', '2020-06-17 08:41:20'),
('11tliZhMf6pMuuMZEPyZ', 'N0ps4I9XZgRDYLCclrWQ', NULL, NULL, NULL, NULL, 21, NULL, NULL, '2020-06-17 08:28:38', '2020-06-17 08:28:38'),
('1f4Ze9OtC7Igi88qrK5O', 'ZnC41UgCZ4dMBbXpssas', NULL, NULL, NULL, NULL, 21, NULL, NULL, '2020-06-17 08:52:58', '2020-06-17 08:52:58'),
('1M2NHOXu15NHwvauKdb8', 'RiJzwwBjc0U0Wmd3jfFV', NULL, NULL, NULL, NULL, 21, NULL, NULL, '2020-06-17 07:53:06', '2020-06-17 07:53:06'),
('1OZ0thhvsrG656FZ1y4q', 'HOJFVXUBHCdRriSr2aMj', NULL, NULL, NULL, NULL, 21, NULL, NULL, '2020-06-17 07:09:43', '2020-06-17 07:09:43'),
('1q3IyUkEXfHiak41NQtx', 'tihFMQ0xjJVdltv2RTTN', NULL, NULL, NULL, NULL, 21, NULL, NULL, '2020-06-17 09:13:38', '2020-06-17 09:13:38'),
('1YyuSmsGUe7VyffMtmcC', '3dbPXKJcBQxTgK5XKHPb', NULL, NULL, NULL, NULL, 21, NULL, NULL, '2020-06-17 08:34:50', '2020-06-17 08:34:50'),
('4whoH9KS2YxNksAqy1xS', 'N600tQs36xtZ1Huf09FT', NULL, NULL, NULL, NULL, 21, NULL, NULL, '2020-06-17 09:40:42', '2020-06-17 09:40:42'),
('5cqM6XmWqxI4VwzM5qlQ', 'GEAd34k875DRV18gtT6Z', NULL, NULL, NULL, NULL, 21, NULL, NULL, '2020-06-17 06:10:46', '2020-06-18 06:24:58'),
('5Ju7Yf13i6tHLSZ8j0ui', 'yuaeuYOxRD5HBebuFJ0F', NULL, NULL, NULL, NULL, 21, NULL, NULL, '2020-06-17 08:00:16', '2020-06-17 08:00:16'),
('5M8ZRJ82hyMBVqQLeemj', 'wXuWYR7DhAZTcmm26x31', NULL, NULL, NULL, NULL, 21, NULL, NULL, '2020-06-17 08:27:52', '2020-06-17 08:27:52'),
('6na3S38Agfxc7TjazyN2', 'CKVnUFPXgboigLWcA7ub', NULL, NULL, NULL, NULL, 21, NULL, NULL, '2020-06-17 06:25:32', '2020-06-18 06:23:38'),
('7djpXWqnbOV9kPPUp5RO', 'O6qBJWMOYhCbceGCjjdD', NULL, NULL, NULL, NULL, 21, NULL, NULL, '2020-06-17 08:27:03', '2020-06-17 08:27:03'),
('7fj0RvMpYDJcwO86QwHM', '1PxWtHLrQxDMl2Mzj1F0', NULL, NULL, NULL, NULL, 21, NULL, NULL, '2020-06-17 07:03:55', '2020-06-17 07:03:55'),
('7GU9Q2bC5v74xsWyg1sz', '72bngBGrXMlIqUEtbfLn', NULL, NULL, NULL, NULL, 21, NULL, NULL, '2020-06-17 08:40:28', '2020-06-17 08:40:28'),
('7Ot1GIa34edmuo0bzrKx', 'nc5fDXquMmGR0hjNE8VM', NULL, NULL, NULL, NULL, 21, NULL, NULL, '2020-06-17 07:11:36', '2020-06-17 07:11:36'),
('8oBja6Y6XolEMyplqXEl', 'fTUCucWPw5zYWkel2qmT', NULL, NULL, NULL, NULL, 21, NULL, NULL, '2020-06-17 07:39:47', '2020-06-17 07:39:47'),
('8WVSvZ4DxiMF0sJJ9HKj', 'godSZzPlx6pXbrXDztlM', NULL, NULL, NULL, NULL, 21, NULL, NULL, '2020-06-17 07:40:48', '2020-06-17 07:40:48'),
('AbWOgaMkKHnKbA0AxFh7', 'QFuXikRKJvQUieZWh53v', NULL, NULL, NULL, NULL, 21, NULL, NULL, '2020-06-17 09:22:57', '2020-06-17 09:22:57'),
('ajWrJZhMGJ6qljpP9E6g', '3tahyTlFnAf0bt8FQ4cB', NULL, NULL, NULL, NULL, 21, NULL, NULL, '2020-06-17 06:29:29', '2020-06-18 04:44:41'),
('AWmUOAbmWGSWxPnfDyjT', 'ZcUk5vAhcQemcuJh23Zv', NULL, NULL, NULL, NULL, 21, NULL, NULL, '2020-06-17 09:30:25', '2020-06-17 09:30:25'),
('bqwrjcZVUHu1tvMVnBqv', 'fdP06ngaENLJeYlFRp9F', NULL, NULL, NULL, NULL, 21, NULL, NULL, '2020-06-17 07:12:32', '2020-06-17 07:12:32'),
('bV7NQSwmLPqflHST8xt3', 'YY4NfyzNBQIxSuVrEbew', NULL, NULL, NULL, NULL, 21, NULL, NULL, '2020-06-17 06:26:38', '2020-06-18 06:18:23'),
('C8fuwkwdzgqoyiAfb5fH', 'zvGAZ5IBqoWmwD6Y5aTe', NULL, NULL, NULL, NULL, 21, NULL, NULL, '2020-06-17 06:41:03', '2020-06-18 04:54:29'),
('CFa2G8sWN9L6nkd9wlMY', 'Epbg8fSUzUibglFMb4QK', NULL, NULL, NULL, NULL, 21, NULL, NULL, '2020-06-17 08:33:43', '2020-06-17 08:33:43'),
('cjhKUAHmveRjvKTgymEv', 'aS21Uq49uwZ6mrxXqkMS', NULL, NULL, NULL, NULL, 21, NULL, NULL, '2020-06-17 08:29:21', '2020-06-17 08:29:21'),
('CxmDV7eBD7RjsGBaCoDq', 'q01JCtskqUKmzRBSJu6l', NULL, NULL, NULL, NULL, 21, NULL, NULL, '2020-06-17 08:31:47', '2020-06-17 08:31:47'),
('d32UL81hhbrSHpEqTjEc', 'KeOa4S73PyqgzJVzq2jt', NULL, NULL, NULL, NULL, 21, NULL, NULL, '2020-06-17 06:22:11', '2020-06-18 06:22:21'),
('d4z9WhS8WAn7LhkbIu3D', 'U0mdWsRt802k7EBKdXZR', NULL, NULL, NULL, NULL, 21, NULL, NULL, '2020-06-17 08:20:14', '2020-06-17 08:20:14'),
('DOci7NFAwZYVX5Cl8tL6', '0SyZXkuztHo42wLwBKNu', NULL, NULL, NULL, NULL, 21, NULL, NULL, '2020-06-17 09:11:28', '2020-06-17 09:11:28'),
('dSMoLpwwRzEfaJvkDpol', 'AqUmQSW2jMKfcUTPfyIH', NULL, NULL, NULL, NULL, 21, NULL, NULL, '2020-06-17 06:37:06', '2020-06-17 06:37:06'),
('DTjXsLHiuQQ9Hautsinu', 'SutlVDrfC3l2UHv6TIay', NULL, NULL, NULL, NULL, 21, NULL, NULL, '2020-06-17 07:45:58', '2020-06-17 07:45:58'),
('DxfcOywq5828bguqLQZF', 'zbijfvt7zFhBMDs6LWzz', NULL, NULL, NULL, NULL, 21, NULL, NULL, '2020-06-17 07:37:15', '2020-06-17 07:37:15'),
('e0xcZkAhXvbh3dT9560s', 'aSRuDNCG3BiubH3Zyi4d', NULL, NULL, NULL, NULL, 21, NULL, NULL, '2020-06-17 09:18:19', '2020-06-17 09:18:19'),
('EkdS2BtKKIVjY5uvDsDj', 'owyiJTM1Nb9aCt9brV4T', NULL, NULL, NULL, NULL, 21, NULL, NULL, '2020-06-17 07:34:56', '2020-06-17 07:34:56'),
('fBeYJ8MkJ8wKpYJy3eFM', 'WHR9AUFT2O40DQp3hbIm', NULL, NULL, NULL, NULL, 21, NULL, NULL, '2020-06-17 08:36:22', '2020-06-17 08:36:22'),
('fCOh7sJz2k7aIRhOZbcK', 'uSkBwZpxLK2OwvhEIU8y', NULL, NULL, NULL, NULL, 21, NULL, NULL, '2020-06-17 06:24:33', '2020-06-18 06:13:51'),
('FidfDFMkx8buvFSZCKu5', 'Fhu1ga8rq22atJyCH8WU', NULL, NULL, NULL, NULL, 21, NULL, NULL, '2020-06-17 07:06:06', '2020-06-17 07:06:06'),
('FldJm7Jt1WH5Il1MB1Xz', 'ha8nnO4zDyMnr7TKX9KF', NULL, NULL, NULL, NULL, 21, NULL, NULL, '2020-06-17 09:34:18', '2020-06-17 09:34:18'),
('GCDy5fymGzePeH9MldYZ', 'z67Yt61IBjwBQREycwFG', NULL, NULL, NULL, NULL, 21, NULL, NULL, '2020-06-17 08:00:58', '2020-06-17 08:00:58'),
('gd4dYA3Rszrrk0Ec9DsP', '6U2Jd3oEwFHXUjs5QfBx', NULL, NULL, NULL, NULL, 21, NULL, NULL, '2020-06-17 08:22:16', '2020-06-17 08:22:16'),
('GzLJsaOAUC8PxZg2TmZF', 'v784z8vHUADWpY0dSwRo', NULL, NULL, NULL, NULL, 21, NULL, NULL, '2020-06-17 09:09:43', '2020-06-17 09:09:43'),
('hBfEJot7s7DEzTgj7P23', 'nSzb9JP7Awn2OpcI0Mca', NULL, NULL, NULL, NULL, 21, NULL, NULL, '2020-06-17 09:39:54', '2020-06-17 09:39:54'),
('HpoZaUKVonZcDVSTo0OD', '12oW7QyadUlNv0BEplzD', NULL, NULL, NULL, NULL, 21, NULL, NULL, '2020-06-17 07:58:42', '2020-06-17 07:58:42'),
('hVlHk3xs9vlTPNVT1WOK', 'XJmXUDywumyvqa1e4zcX', NULL, NULL, NULL, NULL, 21, NULL, NULL, '2020-06-17 09:29:35', '2020-06-17 09:29:35'),
('HwDvgJFsrvNj85fwFDbw', 'vYzFwtP7zZnAi4OWQF2B', NULL, NULL, NULL, NULL, 21, NULL, NULL, '2020-06-17 08:38:13', '2020-06-17 08:38:13'),
('iEFIlPR9nbijkVUiVJ72', 'fE08CKHVVoDdEvBjpaoD', NULL, NULL, NULL, NULL, 21, NULL, NULL, '2020-06-17 07:07:03', '2020-06-17 07:07:03'),
('IJDdve7MvemOBbU43u4A', 'TQyrEfK0emPKskdgIxDT', NULL, NULL, NULL, NULL, 21, NULL, NULL, '2020-06-17 07:27:52', '2020-06-17 07:27:52'),
('IQ1klGIeNj88gdKpPOKN', 'eS5MqrF289Dacqh1zz0N', NULL, NULL, NULL, NULL, 21, NULL, NULL, '2020-06-17 07:45:18', '2020-06-17 07:45:18'),
('iQbpUMEm9qEBO301MjcR', 'YQIkCG8HjOT6VroxpXNB', NULL, NULL, NULL, NULL, 21, NULL, NULL, '2020-06-17 06:38:08', '2020-06-18 04:47:27'),
('IUUb3UFN8cCQbSOUjaRP', 'ttvTETwnRYj0d4hkAKsE', NULL, NULL, NULL, NULL, 21, NULL, NULL, '2020-06-17 08:02:34', '2020-06-17 08:02:34'),
('J1Fsb8E5lMPgUukUnHhY', 'Sk2hSAY2ycAqrPEGcLIL', NULL, NULL, NULL, NULL, 21, NULL, NULL, '2020-06-17 06:23:26', '2020-06-18 04:50:55'),
('jCLHVTwP4TRsMQLkDAPz', 'UQXjKtAmy9nRuGgZjSzd', NULL, NULL, NULL, NULL, 21, NULL, NULL, '2020-06-17 08:23:29', '2020-06-17 08:23:29'),
('JCNjav968nKVpVNGbOeQ', 'SmVp0Hx6gm4a0VV4A434', NULL, NULL, NULL, NULL, 21, NULL, NULL, '2020-06-17 09:31:37', '2020-06-17 09:31:37'),
('jjG6y9RSNjA1bXGKh7ee', 'kHbfpqEFe33l9oevEeVm', NULL, NULL, NULL, NULL, 21, NULL, NULL, '2020-06-17 09:35:47', '2020-06-17 09:35:47'),
('JP3FUgjlzPuzYuDYtXaj', 'S8BRuYh9IfHEqYLSdD4g', NULL, NULL, NULL, NULL, 21, NULL, NULL, '2020-06-17 09:36:30', '2020-06-17 09:36:30'),
('JzW5unMCQxTzQakX05oi', 'djgH31ObvGPdFRmGwkTl', NULL, NULL, NULL, NULL, 21, NULL, NULL, '2020-06-17 09:12:46', '2020-06-17 09:12:46'),
('k3IQBemmSQc9vPBfU6Lz', 'jWO61oEhiZ74PglqC5wZ', NULL, NULL, NULL, NULL, 21, NULL, NULL, '2020-06-17 07:07:57', '2020-06-17 07:07:57'),
('KIDY5jcgOYf098iVbv4S', '73SywWduuD95etjlWnHa', NULL, NULL, NULL, NULL, 21, NULL, NULL, '2020-06-17 08:19:35', '2020-06-17 08:19:35'),
('kOeIJy5oBYTJ3sNg8H5c', 'ipj3S51iUwgbHi4UM4vg', NULL, NULL, NULL, NULL, 21, NULL, NULL, '2020-06-17 08:30:43', '2020-06-17 08:30:43'),
('KZubg6m1cZlap9rQTpVY', 'VV1PrAuoPtFg7z108cuz', NULL, NULL, NULL, NULL, 21, NULL, NULL, '2020-06-17 09:07:29', '2020-06-17 09:07:29'),
('lJfVr9g154JXyWwb4caX', 'c85tvmxikogSKNalxRqV', NULL, NULL, NULL, NULL, 21, NULL, NULL, '2020-06-17 07:47:31', '2020-06-17 07:47:31'),
('lJXm9bGCfRNECPr3M2df', 'CcdV4R9unn9bxzS7mEON', NULL, NULL, NULL, NULL, 21, NULL, NULL, '2020-06-17 09:17:11', '2020-06-17 09:17:11'),
('LKb6n7DnanNBxHcy4QYC', 'KDmfLwognwR5yXFZGKaZ', NULL, NULL, NULL, NULL, 21, NULL, NULL, '2020-06-17 07:51:24', '2020-06-17 07:51:24'),
('lTgBOoVVAS8ay6is0PKt', 'h15wsOBYtZUcKvcHX3e5', NULL, NULL, NULL, NULL, 21, NULL, NULL, '2020-06-17 09:26:48', '2020-06-17 09:26:48'),
('mg6gqSiT2GCEFsnk0WVD', 'r9DrfFKWcDfW1NmUTVUF', NULL, NULL, NULL, NULL, 21, NULL, NULL, '2020-06-17 06:34:31', '2020-06-18 06:19:41'),
('mIiibKkoFFnnKqQkw8TP', 'Rkg0qHG45WtHhjxOPyFD', NULL, NULL, NULL, NULL, 21, NULL, NULL, '2020-06-17 08:43:43', '2020-06-17 08:43:43'),
('mKuYmrCJjeaiWH40ECnG', 'AFRMWMrAgzjs9LxSZFO7', NULL, NULL, NULL, NULL, 21, NULL, NULL, '2020-06-17 04:00:56', '2020-06-18 04:56:10'),
('ms6I9rwuNX7iBaGdPGyU', '0TuGDJ87N1rSLKnwJeY6', NULL, NULL, NULL, NULL, 21, NULL, NULL, '2020-06-17 07:10:58', '2020-06-17 07:10:58'),
('MZYJvbpdaC0Td8MMbj6w', '9wddtw6aX9Nz9DS95cuZ', NULL, NULL, NULL, NULL, 21, NULL, NULL, '2020-06-17 09:39:08', '2020-06-17 09:39:08'),
('NHaMoSMc87Z6aArjmB3v', 'r28990LNFRFOFg2MU0OZ', NULL, NULL, NULL, NULL, 21, NULL, NULL, '2020-06-17 08:53:40', '2020-06-17 08:53:40'),
('nKRmsqOp22ro9PIN1YhU', 'K3iHp1dhYGNjQmwq1iCw', NULL, NULL, NULL, NULL, 21, NULL, NULL, '2020-06-17 09:15:06', '2020-06-17 09:15:06'),
('NLN2KxzvvTQUIGIyeC3W', '681akMtKpWVLivjsciRh', NULL, NULL, NULL, NULL, 21, NULL, NULL, '2020-06-17 09:37:03', '2020-06-17 09:37:03'),
('NUayBnEqbl1Usg6vwAva', 'j66W9oTAsVgLP72m4Wtv', NULL, NULL, NULL, NULL, 21, NULL, NULL, '2020-06-17 08:32:51', '2020-06-17 08:32:51'),
('Olo826S2fgnWCU13Pvuz', 'FRxAjpZ3mb90q1eUK9am', NULL, NULL, NULL, NULL, 21, NULL, NULL, '2020-06-17 07:59:26', '2020-06-17 07:59:26'),
('oNtaNis7hUbjabDszR5U', 'aPS6Tf2TI1JCaPOJ2iQB', NULL, NULL, NULL, NULL, 21, NULL, NULL, '2020-06-17 08:42:43', '2020-06-17 08:55:01'),
('oqPDpU464Tce3K0xRNUm', 'noNzK2ASNUXUfPBBV2Vp', NULL, NULL, NULL, NULL, 21, NULL, NULL, '2020-06-17 09:15:48', '2020-06-17 09:15:48'),
('OrBcNnLeddiVcKz1TN8w', 'u5FxGvwKB6ugaaoU1HdQ', NULL, NULL, NULL, NULL, 21, NULL, NULL, '2020-06-17 09:25:44', '2020-06-17 09:25:44'),
('oVUeW0lwaynwSu41rAjm', 'LxceOC7VLm27ml8SeNpq', NULL, NULL, NULL, NULL, 21, NULL, NULL, '2020-06-17 09:33:34', '2020-06-17 09:33:34'),
('p5TXdGvl4gWK0Iof1gHv', 'v2uV7JhtRI8X5fMOn0UE', NULL, NULL, NULL, NULL, 21, NULL, NULL, '2020-06-17 09:08:51', '2020-06-17 09:08:51'),
('PFAWzDE2d26UEPnM0zEy', 'X8UVVTfljuu7ullutlEp', NULL, NULL, NULL, NULL, 21, NULL, NULL, '2020-06-17 07:52:09', '2020-06-17 07:52:09'),
('pkpinazU6u8EKC4QVbWQ', 'o6maejsRbC2LfeQDSkX9', NULL, NULL, NULL, NULL, 21, NULL, NULL, '2020-06-17 06:35:55', '2020-06-18 04:53:28'),
('qucD2CwswPJ7CR0Ms9jB', 'jt9FWP1UFDKqSxLFuLWw', NULL, NULL, NULL, NULL, 21, NULL, NULL, '2020-06-17 06:39:57', '2020-06-18 04:52:00'),
('Rd8BS7YgOkGFYD47P9Gd', 't8jnU24FbqRabnYuPMz8', NULL, NULL, NULL, NULL, 21, NULL, NULL, '2020-06-17 07:30:57', '2020-06-17 07:30:57'),
('Rr58OPJwfNA9SfX9Ld6i', 'WgueYcn35G4LA0jw7i9p', NULL, NULL, NULL, NULL, 21, NULL, NULL, '2020-06-17 09:10:19', '2020-06-17 09:10:19'),
('SCDodGPaZVTDwxw6wlJ8', 'G1ghOBQsr00T29adnCZe', NULL, NULL, NULL, NULL, 21, NULL, NULL, '2020-06-17 09:22:02', '2020-06-17 09:22:02'),
('SjoQ16ndVhPSDqBJuLXx', '1N5Ha0vM66maSMy3RbnD', NULL, NULL, NULL, NULL, 21, NULL, NULL, '2020-06-17 09:21:19', '2020-06-17 09:21:19'),
('Sz2zbOEP08XN6PNszLKm', 'RG87oYqmXoySNC5oVZSM', NULL, NULL, NULL, NULL, 21, NULL, NULL, '2020-06-17 08:35:30', '2020-06-17 08:35:30'),
('TfhCxNJj8bhbgpUDko7U', 'YXRkGP4oR1zHncEZ03nj', NULL, NULL, NULL, NULL, 21, NULL, NULL, '2020-06-17 08:39:11', '2020-06-17 08:39:11'),
('tyV55sSGrkuQ9Q5U4gNV', 'DAeKK34gX3ULaMUAHxdr', NULL, NULL, NULL, NULL, 21, NULL, NULL, '2020-06-17 08:39:53', '2020-06-17 08:39:53'),
('udzKUMydlsiL8lx8Ht9y', 'hKI8vWNWBCGssPfh6Sks', NULL, NULL, NULL, NULL, 21, NULL, NULL, '2020-06-17 08:42:00', '2020-06-17 08:42:00'),
('uxK5fq9nisR4Fx2KjloM', 'qIG562dWjLFyiANxKnqm', NULL, NULL, NULL, NULL, 21, NULL, NULL, '2020-06-17 08:54:22', '2020-06-17 08:54:22'),
('UzNm1dRv8J9xk18iRBzD', 'Rh0UfPSbashkDuj7hoI6', NULL, NULL, NULL, NULL, 21, NULL, NULL, '2020-06-17 07:29:59', '2020-06-17 07:29:59'),
('v6rQoNlL7V3iqTPSmUU5', 'S2Y5GwzPOxQXAaiXEhIU', NULL, NULL, NULL, NULL, 21, NULL, NULL, '2020-06-17 08:01:46', '2020-06-17 08:01:46'),
('vEENdOh9rM401xNBiAWn', 'vV070RWLfDYHdH1yLDRm', NULL, NULL, NULL, NULL, 21, NULL, NULL, '2020-06-17 09:35:01', '2020-06-17 09:35:01'),
('vLVfxMeToSgZo78dG6GV', 'FfKKU60LlL4dsACRiat0', NULL, NULL, NULL, NULL, 21, NULL, NULL, '2020-06-17 07:46:53', '2020-06-17 07:46:53'),
('vuWSJuJN1SgRFzwgDZSY', 'OZ8KEurM0mxvL5pnzTQn', NULL, NULL, NULL, NULL, 21, NULL, NULL, '2020-06-17 09:27:40', '2020-06-17 09:27:40'),
('Vv3TgD3I6HXODl8BGysM', 'qMJZtuzR6Ba7Z8leTbbj', NULL, NULL, NULL, NULL, 21, NULL, NULL, '2020-06-17 09:04:56', '2020-06-17 09:04:56'),
('Vzi0PRcPTGz2VbldNDOy', 'tFlMJM6K83FOv1qhZrN9', NULL, NULL, NULL, NULL, 21, NULL, NULL, '2020-06-17 07:48:18', '2020-06-17 07:48:18'),
('W4ZdSeMjLRuqEbVdZopu', 'pNeSYxSRrX3vutKJJhc4', NULL, NULL, NULL, NULL, 21, NULL, NULL, '2020-06-17 09:28:39', '2020-06-17 09:28:39'),
('WBCtZpEMPGuRWcRKzUir', 'dTSWKPXamDDcXBtnFOey', NULL, NULL, NULL, NULL, 21, NULL, NULL, '2020-06-17 07:32:14', '2020-06-17 07:32:14'),
('WbUvW73kLED0wLBXsWJu', '8gXheEMVfXDBvWxB4t6M', NULL, NULL, NULL, NULL, 21, NULL, NULL, '2020-06-17 08:26:19', '2020-06-17 08:26:19'),
('WCKioQ0nVqT1MUEnTJ4y', 'VsiizJ8LbpXrfE1LUa1x', NULL, NULL, NULL, NULL, 21, NULL, NULL, '2020-06-17 09:16:30', '2020-06-17 09:16:30'),
('Wtbhn1gJo3cCicVAODLa', 'qpehG7T6muTFPzGXYB2c', NULL, NULL, NULL, NULL, 21, NULL, NULL, '2020-06-17 09:37:58', '2020-06-17 09:37:58'),
('WxQB8tJ0rwzCml34a3aD', 'ii6QMQ0RFrmM76M4eZ9E', NULL, NULL, NULL, NULL, 21, NULL, NULL, '2020-06-17 09:05:54', '2020-06-17 09:05:54'),
('XJegGK8ariMMfyWRQDHV', 'jdS20l4nmkDrIs3GV2jz', NULL, NULL, NULL, NULL, 21, NULL, NULL, '2020-06-17 08:29:55', '2020-06-17 08:29:55'),
('yBLOfVoC1FmzXiNNvJVd', 'kBawgwU9HnKvlyQ7xkPF', NULL, NULL, NULL, NULL, 21, NULL, NULL, '2020-06-17 07:36:06', '2020-06-17 07:36:06'),
('Ye23YinVydKhSePHMFFt', 'genc0sk8aqRsVlhIcU7G', NULL, NULL, NULL, NULL, 21, NULL, NULL, '2020-06-17 09:32:58', '2020-06-17 09:32:58'),
('yLQ6NrzXfDjvOjWJtj5R', 'VufjyCZGNQiObj8mRcHb', NULL, NULL, NULL, NULL, 21, NULL, NULL, '2020-06-17 08:03:30', '2020-06-17 08:03:30'),
('yPrxBD0dggCH7TU3PYxN', 'nNzojJtAEvcRMRaL3O0z', NULL, NULL, NULL, NULL, 21, NULL, NULL, '2020-06-17 08:25:36', '2020-06-17 08:25:36'),
('yqhoZmJSOZUVceOpDWyD', 'Lv6JEroGIn7xBOJ5a2iH', NULL, NULL, NULL, NULL, 21, NULL, NULL, '2020-06-17 07:42:48', '2020-06-17 07:42:48'),
('YV0EyFkJSvi0w03xQ6F3', 'nKnjw3C23b9G0om0tBrU', NULL, NULL, NULL, NULL, 21, NULL, NULL, '2020-06-17 07:33:27', '2020-06-17 07:33:27'),
('zcV7a6IXvxk9KAWTAVWv', 'jV4Y78gfkmZysTWAnuSy', NULL, NULL, NULL, NULL, 21, NULL, NULL, '2020-06-17 07:08:50', '2020-06-17 07:08:50'),
('ZKiOOdF25BflwY7nlE6r', 'UUhEFofIGrdKBQVjoFNN', NULL, NULL, NULL, NULL, 21, NULL, NULL, '2020-06-17 09:24:14', '2020-06-17 09:24:14'),
('ZXkNdDdT77SwmKUnIqjT', 'liFZaoqanYtBoYAok4FC', NULL, NULL, NULL, NULL, 21, NULL, NULL, '2020-06-17 08:36:57', '2020-06-17 08:36:57');

INSERT INTO `station_auto_parameters` (`id`, `stationId`, `activeState`, `envIndex`, `latestSentAt`, `sendftpStatus`, `receiveftpStatus`, `latestIndicatorOverThreshold`, `numberOfThreshold`, `numberOfAlertThreshold`, `alertThresholdStatus`, `numberOfAlertStructure`, `alertStructureStatus`, `numberOfDisconnection`, `alertDisconnectionStatus`, `createdAt`, `updatedAt`) VALUES
('0R0VN9RZj2udjQa9sGK7', 'vYzFwtP7zZnAi4OWQF2B', 'NORMAL', 0, NULL, 1, 0, NULL, 0, 0, 1, 0, 1, 0, 1, '2020-06-17 08:38:13', '2020-06-17 08:38:13'),
('1BeUzfCNUIjcSv6mrTw2', 'ipj3S51iUwgbHi4UM4vg', 'NORMAL', 0, NULL, 1, 0, NULL, 0, 0, 1, 0, 1, 0, 1, '2020-06-17 08:30:43', '2020-06-17 08:30:43'),
('2UonZwtwIkINZj6FJwrA', 'godSZzPlx6pXbrXDztlM', 'NORMAL', 0, NULL, 1, 0, NULL, 0, 0, 1, 0, 1, 0, 1, '2020-06-17 07:40:48', '2020-06-17 07:40:48'),
('3Dje1NDsW4kIfW1a7UUG', 'yuaeuYOxRD5HBebuFJ0F', 'NORMAL', 0, NULL, 1, 0, NULL, 0, 0, 1, 0, 1, 0, 1, '2020-06-17 08:00:16', '2020-06-17 08:00:16'),
('3ITSwnX5wnLJXraM6ERN', '8gXheEMVfXDBvWxB4t6M', 'NORMAL', 0, NULL, 1, 0, NULL, 0, 0, 1, 0, 1, 0, 1, '2020-06-17 08:26:18', '2020-06-17 08:26:18'),
('3qxVH7LJIbJgTlfxDybm', 'r28990LNFRFOFg2MU0OZ', 'NORMAL', 0, NULL, 1, 0, NULL, 0, 0, 1, 0, 1, 0, 1, '2020-06-17 08:53:39', '2020-06-17 08:53:39'),
('3TXlpvvMG1Q6ND6B8dNb', 'tFlMJM6K83FOv1qhZrN9', 'NORMAL', 0, NULL, 1, 0, NULL, 0, 0, 1, 0, 1, 0, 1, '2020-06-17 07:48:18', '2020-06-17 07:48:18'),
('4RMUFZ08utQyMyuyhwlV', '1N5Ha0vM66maSMy3RbnD', 'NORMAL', 0, NULL, 1, 0, NULL, 0, 0, 1, 0, 1, 0, 1, '2020-06-17 09:21:18', '2020-06-17 09:21:18'),
('51l4KynVYPOi9q2oPsZM', '7GUz8SWehus5LGqnp9JB', 'NORMAL', 0, NULL, 1, 0, NULL, 0, 0, 1, 0, 1, 0, 1, '2020-06-17 07:57:43', '2020-06-17 07:57:43'),
('51riVEhaYxguARoGEzsK', 'pNeSYxSRrX3vutKJJhc4', 'NORMAL', 0, NULL, 1, 0, NULL, 0, 0, 1, 0, 1, 0, 1, '2020-06-17 09:28:39', '2020-06-17 09:28:39'),
('55mo3Vx4GcYA9yGkc0N5', 'O6qBJWMOYhCbceGCjjdD', 'NORMAL', 0, NULL, 1, 0, NULL, 0, 0, 1, 0, 1, 0, 1, '2020-06-17 08:27:03', '2020-06-17 08:27:03'),
('60ZU3OUs0EYE4vNgFQhr', 'v2uV7JhtRI8X5fMOn0UE', 'NORMAL', 0, NULL, 1, 0, NULL, 0, 0, 1, 0, 1, 0, 1, '2020-06-17 09:08:51', '2020-06-17 09:08:51'),
('6dFCSm914gIzGBd9aEN1', 'genc0sk8aqRsVlhIcU7G', 'NORMAL', 0, NULL, 1, 0, NULL, 0, 0, 1, 0, 1, 0, 1, '2020-06-17 09:32:58', '2020-06-17 09:32:58'),
('6mW6mcEkRDxkSSSIutXk', 'YXRkGP4oR1zHncEZ03nj', 'NORMAL', 0, NULL, 1, 0, NULL, 0, 0, 1, 0, 1, 0, 1, '2020-06-17 08:39:10', '2020-06-17 08:39:10'),
('7FlKWfTmQnurgRodkLI4', '0TuGDJ87N1rSLKnwJeY6', 'NORMAL', 0, NULL, 1, 0, NULL, 0, 0, 1, 0, 1, 0, 1, '2020-06-17 07:10:57', '2020-06-17 07:10:57'),
('7LqJD3p3JdO7TvDlQBA6', 'KDmfLwognwR5yXFZGKaZ', 'NORMAL', 0, NULL, 1, 0, NULL, 0, 0, 1, 0, 1, 0, 1, '2020-06-17 07:51:23', '2020-06-17 07:51:23'),
('7zzTTJ9IVRFag6jn84iE', 'VufjyCZGNQiObj8mRcHb', 'NORMAL', 0, NULL, 1, 0, NULL, 0, 0, 1, 0, 1, 0, 1, '2020-06-17 08:03:30', '2020-06-17 08:03:30'),
('8MuHV0u0iFRjPT9pQzZI', 'XJmXUDywumyvqa1e4zcX', 'NORMAL', 0, NULL, 1, 0, NULL, 0, 0, 1, 0, 1, 0, 1, '2020-06-17 09:29:35', '2020-06-17 09:29:35'),
('8RfNibQZaQGiqUyxThLs', 'h15wsOBYtZUcKvcHX3e5', 'NORMAL', 0, NULL, 1, 0, NULL, 0, 0, 1, 0, 1, 0, 1, '2020-06-17 09:26:48', '2020-06-17 09:26:48'),
('95WUstxBwuWbULQjs1iu', 't8jnU24FbqRabnYuPMz8', 'NORMAL', 0, NULL, 1, 0, NULL, 0, 0, 1, 0, 1, 0, 1, '2020-06-17 07:30:56', '2020-06-17 07:30:56'),
('9j7UypjMhx4I4GHZIFo7', 'nKnjw3C23b9G0om0tBrU', 'NORMAL', 0, NULL, 1, 0, NULL, 0, 0, 1, 0, 1, 0, 1, '2020-06-17 07:33:26', '2020-06-17 07:33:26'),
('9t5XFL6JvYep4EMSn9xx', 'jt9FWP1UFDKqSxLFuLWw', 'NORMAL', 0, NULL, 1, 0, NULL, 0, 0, 0, 0, 0, 0, 0, '2020-06-17 06:39:57', '2020-06-18 04:52:00'),
('9xMxnvA2MI7I1IoVwWUX', 'G1ghOBQsr00T29adnCZe', 'NORMAL', 0, NULL, 1, 0, NULL, 0, 0, 1, 0, 1, 0, 1, '2020-06-17 09:22:02', '2020-06-17 09:22:02'),
('A9JOVWV2lecIS6AbYhMH', 'VsiizJ8LbpXrfE1LUa1x', 'NORMAL', 0, NULL, 1, 0, NULL, 0, 0, 1, 0, 1, 0, 1, '2020-06-17 09:16:30', '2020-06-17 09:16:30'),
('ah551W8gSKBKSc3OCV7f', 'kHbfpqEFe33l9oevEeVm', 'NORMAL', 0, NULL, 1, 0, NULL, 0, 0, 1, 0, 1, 0, 1, '2020-06-17 09:35:46', '2020-06-17 09:35:46'),
('ajDCYjVcQnrc5qaBMqQ9', 'vV070RWLfDYHdH1yLDRm', 'NORMAL', 0, NULL, 1, 0, NULL, 0, 0, 1, 0, 1, 0, 1, '2020-06-17 09:35:01', '2020-06-17 09:35:01'),
('BllE5GumTKoQMGHCcrxb', 'zbijfvt7zFhBMDs6LWzz', 'NORMAL', 0, NULL, 1, 0, NULL, 0, 0, 1, 0, 1, 0, 1, '2020-06-17 07:37:15', '2020-06-17 07:37:15'),
('BNHErFHEEYTjnOHbxTOy', 'ii6QMQ0RFrmM76M4eZ9E', 'NORMAL', 0, NULL, 1, 0, NULL, 0, 0, 1, 0, 1, 0, 1, '2020-06-17 09:05:54', '2020-06-17 09:05:54'),
('bNyzlx6Yc52sBVkKEzQu', 'TQyrEfK0emPKskdgIxDT', 'NORMAL', 0, NULL, 1, 0, NULL, 0, 0, 1, 0, 1, 0, 1, '2020-06-17 07:27:51', '2020-06-17 07:27:51'),
('bT7PTK4R7rVC6FR1lIZW', 'Lv6JEroGIn7xBOJ5a2iH', 'NORMAL', 0, NULL, 1, 0, NULL, 0, 0, 1, 0, 1, 0, 1, '2020-06-17 07:42:48', '2020-06-17 07:42:48'),
('bUAIzhmIW2nLd9nLNztH', 'CKVnUFPXgboigLWcA7ub', 'NORMAL', 0, NULL, 1, 0, NULL, 0, 0, 0, 0, 0, 0, 0, '2020-06-17 06:25:32', '2020-06-18 06:23:38'),
('C9FDTW81F34pNDUdzeF7', 'OZ8KEurM0mxvL5pnzTQn', 'NORMAL', 0, NULL, 1, 0, NULL, 0, 0, 1, 0, 1, 0, 1, '2020-06-17 09:27:40', '2020-06-17 09:27:40'),
('cFoeAgzRDRzePHuaoeSf', 'WHR9AUFT2O40DQp3hbIm', 'NORMAL', 0, NULL, 1, 0, NULL, 0, 0, 1, 0, 1, 0, 1, '2020-06-17 08:36:22', '2020-06-17 08:36:22'),
('cQbvvxDh1w0vZ6XbHQys', 'j66W9oTAsVgLP72m4Wtv', 'NORMAL', 0, NULL, 1, 0, NULL, 0, 0, 1, 0, 1, 0, 1, '2020-06-17 08:32:44', '2020-06-17 08:32:44'),
('cRFPEE3fUikc3GzvBbDk', 'CcdV4R9unn9bxzS7mEON', 'NORMAL', 0, NULL, 1, 0, NULL, 0, 0, 1, 0, 1, 0, 1, '2020-06-17 09:17:11', '2020-06-17 09:17:11'),
('cRmxgiq8dLY3RoY91iBq', '73SywWduuD95etjlWnHa', 'NORMAL', 0, NULL, 1, 0, NULL, 0, 0, 1, 0, 1, 0, 1, '2020-06-17 08:19:34', '2020-06-17 08:19:34'),
('cYbxJ7YLcBpkYpinKhjz', 'aPS6Tf2TI1JCaPOJ2iQB', 'NORMAL', 0, NULL, 1, 0, NULL, 0, 0, 0, 0, 0, 0, 0, '2020-06-17 08:42:43', '2020-06-17 08:55:01'),
('D00MwuC3nmhYIpGB0EQF', 'jV4Y78gfkmZysTWAnuSy', 'NORMAL', 0, NULL, 1, 0, NULL, 0, 0, 1, 0, 1, 0, 1, '2020-06-17 07:08:50', '2020-06-17 07:08:50'),
('dc57iSBR9jmvliar8y0E', 'ha8nnO4zDyMnr7TKX9KF', 'NORMAL', 0, NULL, 1, 0, NULL, 0, 0, 1, 0, 1, 0, 1, '2020-06-17 09:34:18', '2020-06-17 09:34:18'),
('DqYtsXQEldnqox98WZkC', '9wddtw6aX9Nz9DS95cuZ', 'NORMAL', 0, NULL, 1, 0, NULL, 0, 0, 1, 0, 1, 0, 1, '2020-06-17 09:39:08', '2020-06-17 09:39:08'),
('dzXxOYSEsfsXwG0SGdF2', 'c85tvmxikogSKNalxRqV', 'NORMAL', 0, NULL, 1, 0, NULL, 0, 0, 1, 0, 1, 0, 1, '2020-06-17 07:47:31', '2020-06-17 07:47:31'),
('e7nBEdPgb7srDPy3WdTB', 'YQIkCG8HjOT6VroxpXNB', 'NORMAL', 0, NULL, 1, 0, NULL, 0, 0, 0, 0, 0, 0, 0, '2020-06-17 06:38:08', '2020-06-18 04:47:27'),
('EmI3OJLjmUUQar4ZGGQA', 'eS5MqrF289Dacqh1zz0N', 'NORMAL', 0, NULL, 1, 0, NULL, 0, 0, 1, 0, 1, 0, 1, '2020-06-17 07:45:18', '2020-06-17 07:45:18'),
('EWdth2zpSi9Zl5CGrhlb', 'Sk2hSAY2ycAqrPEGcLIL', 'NORMAL', 0, NULL, 1, 0, NULL, 0, 0, 0, 0, 0, 0, 0, '2020-06-17 06:23:26', '2020-06-18 04:50:55'),
('eYejxA7kWZBwlPjUDBiU', 'fdP06ngaENLJeYlFRp9F', 'NORMAL', 0, NULL, 1, 0, NULL, 0, 0, 1, 0, 1, 0, 1, '2020-06-17 07:12:31', '2020-06-17 07:12:31'),
('FaVvgW3iVuN9y5nA6EPj', 'uSkBwZpxLK2OwvhEIU8y', 'NORMAL', 0, NULL, 1, 0, NULL, 0, 0, 0, 0, 0, 0, 0, '2020-06-17 06:24:33', '2020-06-18 06:13:50'),
('fXYsgcKvb2blaycWQ2qW', 'liFZaoqanYtBoYAok4FC', 'NORMAL', 0, NULL, 1, 0, NULL, 0, 0, 1, 0, 1, 0, 1, '2020-06-17 08:36:57', '2020-06-17 08:36:57'),
('Gf3zeR4GY0YfGLpH6PWP', '6U2Jd3oEwFHXUjs5QfBx', 'NORMAL', 0, NULL, 1, 0, NULL, 0, 0, 1, 0, 1, 0, 1, '2020-06-17 08:22:16', '2020-06-17 08:22:16'),
('gfAsUVZNz6j97DZ92gvy', '3dbPXKJcBQxTgK5XKHPb', 'NORMAL', 0, NULL, 1, 0, NULL, 0, 0, 1, 0, 1, 0, 1, '2020-06-17 08:34:50', '2020-06-17 08:34:50'),
('Gfgg6hEofIq1SvglyQ0J', 'v784z8vHUADWpY0dSwRo', 'NORMAL', 0, NULL, 1, 0, NULL, 0, 0, 1, 0, 1, 0, 1, '2020-06-17 09:09:43', '2020-06-17 09:09:43'),
('h0Y7Em7KQw29gb6ncQZI', 'UUhEFofIGrdKBQVjoFNN', 'NORMAL', 0, NULL, 1, 0, NULL, 0, 0, 1, 0, 1, 0, 1, '2020-06-17 09:24:14', '2020-06-17 09:24:14'),
('hktNmZiuljzGhWkLtojl', 'SutlVDrfC3l2UHv6TIay', 'NORMAL', 0, NULL, 1, 0, NULL, 0, 0, 1, 0, 1, 0, 1, '2020-06-17 07:45:57', '2020-06-17 07:45:57'),
('hoPpoHmJYUk8JZUUtyGG', 'noNzK2ASNUXUfPBBV2Vp', 'NORMAL', 0, NULL, 1, 0, NULL, 0, 0, 1, 0, 1, 0, 1, '2020-06-17 09:15:47', '2020-06-17 09:15:47'),
('ikYqU3hQjvmg610hBzZm', 'KeOa4S73PyqgzJVzq2jt', 'NORMAL', 0, NULL, 1, 0, NULL, 0, 0, 0, 0, 0, 0, 0, '2020-06-17 06:22:11', '2020-06-18 06:22:21'),
('IQReEoNCOELUr7BIovTS', '1PxWtHLrQxDMl2Mzj1F0', 'NORMAL', 0, NULL, 1, 0, NULL, 0, 0, 1, 0, 1, 0, 1, '2020-06-17 07:03:54', '2020-06-17 07:03:54'),
('IVEd0pJAtiXhDPQmjCsZ', '72bngBGrXMlIqUEtbfLn', 'NORMAL', 0, NULL, 1, 0, NULL, 0, 0, 1, 0, 1, 0, 1, '2020-06-17 08:40:28', '2020-06-17 08:40:28'),
('IxEMj5AE8IusT5KhTfnD', 'S2Y5GwzPOxQXAaiXEhIU', 'NORMAL', 0, NULL, 1, 0, NULL, 0, 0, 1, 0, 1, 0, 1, '2020-06-17 08:01:45', '2020-06-17 08:01:45'),
('J7Gnk5RC0BB7HqDsoZBs', 'LxceOC7VLm27ml8SeNpq', 'NORMAL', 0, NULL, 1, 0, NULL, 0, 0, 1, 0, 1, 0, 1, '2020-06-17 09:33:34', '2020-06-17 09:33:34'),
('JM0l76ENIxvdkLTM9kCd', 'jWO61oEhiZ74PglqC5wZ', 'NORMAL', 0, NULL, 1, 0, NULL, 0, 0, 1, 0, 1, 0, 1, '2020-06-17 07:07:57', '2020-06-17 07:07:57'),
('Jq2lhPbpiCb755XWrn1B', 'o6maejsRbC2LfeQDSkX9', 'NORMAL', 0, NULL, 1, 0, NULL, 0, 0, 0, 0, 0, 0, 0, '2020-06-17 06:35:55', '2020-06-18 04:53:28'),
('JRDzSMeaRioDCfwuAt43', 'AFRMWMrAgzjs9LxSZFO7', 'NORMAL', 0, NULL, 1, 0, NULL, 0, 0, 0, 0, 0, 0, 0, '2020-06-17 04:00:56', '2020-06-18 04:56:10'),
('K4XFNKMGUszFoTjOxhxG', 'VV1PrAuoPtFg7z108cuz', 'NORMAL', 0, NULL, 1, 0, NULL, 0, 0, 1, 0, 1, 0, 1, '2020-06-17 09:07:28', '2020-06-17 09:07:28'),
('kNijwgE50EXKQrxZ4VLy', 'UQXjKtAmy9nRuGgZjSzd', 'NORMAL', 0, NULL, 1, 0, NULL, 0, 0, 1, 0, 1, 0, 1, '2020-06-17 08:23:29', '2020-06-17 08:23:29'),
('kOrN4bKfDTzEsRUTMqiC', 'dTSWKPXamDDcXBtnFOey', 'NORMAL', 0, NULL, 1, 0, NULL, 0, 0, 1, 0, 1, 0, 1, '2020-06-17 07:32:14', '2020-06-17 07:32:14'),
('kSutbnKDwzn3bEQXrbQ9', 'z67Yt61IBjwBQREycwFG', 'NORMAL', 0, NULL, 1, 0, NULL, 0, 0, 1, 0, 1, 0, 1, '2020-06-17 08:00:57', '2020-06-17 08:00:57'),
('l8lqJEvGaT3ol4kiUaua', 'AqUmQSW2jMKfcUTPfyIH', 'NORMAL', 0, NULL, 1, 0, NULL, 0, 0, 1, 0, 1, 0, 1, '2020-06-17 06:37:06', '2020-06-17 06:37:06'),
('LHyQqkeRo0dXKhhWrgtF', 'wXuWYR7DhAZTcmm26x31', 'NORMAL', 0, NULL, 1, 0, NULL, 0, 0, 1, 0, 1, 0, 1, '2020-06-17 08:27:51', '2020-06-17 08:27:51'),
('loAlzmMXAvyQTvAqPzLI', 'Rkg0qHG45WtHhjxOPyFD', 'NORMAL', 0, NULL, 1, 0, NULL, 0, 0, 1, 0, 1, 0, 1, '2020-06-17 08:43:42', '2020-06-17 08:43:42'),
('LPgo6feredAYQVeDgHIj', 'WgueYcn35G4LA0jw7i9p', 'NORMAL', 0, NULL, 1, 0, NULL, 0, 0, 1, 0, 1, 0, 1, '2020-06-17 09:10:19', '2020-06-17 09:10:19'),
('LxttAghguDrahVyM8GbK', '3tahyTlFnAf0bt8FQ4cB', 'NORMAL', 0, NULL, 1, 0, NULL, 0, 0, 0, 0, 0, 0, 0, '2020-06-17 06:29:29', '2020-06-18 04:44:41'),
('m3Ms2jEB5QmSqBmO6TpV', 'jdS20l4nmkDrIs3GV2jz', 'NORMAL', 0, NULL, 1, 0, NULL, 0, 0, 1, 0, 1, 0, 1, '2020-06-17 08:29:55', '2020-06-17 08:29:55'),
('M55lqd7zm0uIuBujskDA', 'nSzb9JP7Awn2OpcI0Mca', 'NORMAL', 0, NULL, 1, 0, NULL, 0, 0, 1, 0, 1, 0, 1, '2020-06-17 09:39:54', '2020-06-17 09:39:54'),
('mfH6AoI4cOohVpoO40db', 'ttvTETwnRYj0d4hkAKsE', 'NORMAL', 0, NULL, 1, 0, NULL, 0, 0, 1, 0, 1, 0, 1, '2020-06-17 08:02:34', '2020-06-17 08:02:34'),
('MRwJbtYmY7C7S3ao4Uu7', 'aSRuDNCG3BiubH3Zyi4d', 'NORMAL', 0, NULL, 1, 0, NULL, 0, 0, 1, 0, 1, 0, 1, '2020-06-17 09:18:19', '2020-06-17 09:18:19'),
('neF1mwNMR3LtLJPOVnCY', 'nNzojJtAEvcRMRaL3O0z', 'NORMAL', 0, NULL, 1, 0, NULL, 0, 0, 1, 0, 1, 0, 1, '2020-06-17 08:25:35', '2020-06-17 08:25:35'),
('noOxDcMZO6S8crgCInWY', 'SmVp0Hx6gm4a0VV4A434', 'NORMAL', 0, NULL, 1, 0, NULL, 0, 0, 1, 0, 1, 0, 1, '2020-06-17 09:31:37', '2020-06-17 09:31:37'),
('O6CvWywuqttRTb1bcg03', 'N0ps4I9XZgRDYLCclrWQ', 'NORMAL', 0, NULL, 1, 0, NULL, 0, 0, 1, 0, 1, 0, 1, '2020-06-17 08:28:38', '2020-06-17 08:28:38'),
('oDTUwDW1XaiOag1WnyoG', 'RiJzwwBjc0U0Wmd3jfFV', 'NORMAL', 0, NULL, 1, 0, NULL, 0, 0, 1, 0, 1, 0, 1, '2020-06-17 07:53:05', '2020-06-17 07:53:05'),
('OFgpI1XtE1wQuVzQW7VS', 'Fhu1ga8rq22atJyCH8WU', 'NORMAL', 0, NULL, 1, 0, NULL, 0, 0, 1, 0, 1, 0, 1, '2020-06-17 07:06:06', '2020-06-17 07:06:06'),
('p2mEZ0cxQUMkZOWVmabQ', 'owyiJTM1Nb9aCt9brV4T', 'NORMAL', 0, NULL, 1, 0, NULL, 0, 0, 1, 0, 1, 0, 1, '2020-06-17 07:34:56', '2020-06-17 07:34:56'),
('pF1zag0GnqH3JQrBXPsh', 'nc5fDXquMmGR0hjNE8VM', 'NORMAL', 0, NULL, 1, 0, NULL, 0, 0, 1, 0, 1, 0, 1, '2020-06-17 07:11:36', '2020-06-17 07:11:36'),
('pTgx6aRAVHFdINsg1Ad5', 'q01JCtskqUKmzRBSJu6l', 'NORMAL', 0, NULL, 1, 0, NULL, 0, 0, 1, 0, 1, 0, 1, '2020-06-17 08:31:46', '2020-06-17 08:31:46'),
('pUgFsJjLy8XOJ6UbrfYP', 'FfKKU60LlL4dsACRiat0', 'NORMAL', 0, NULL, 1, 0, NULL, 0, 0, 1, 0, 1, 0, 1, '2020-06-17 07:46:53', '2020-06-17 07:46:53'),
('pxrEkeuLeKz63TukpWbK', 'S8BRuYh9IfHEqYLSdD4g', 'NORMAL', 0, NULL, 1, 0, NULL, 0, 0, 1, 0, 1, 0, 1, '2020-06-17 09:36:30', '2020-06-17 09:36:30'),
('q1jS6QhXQqwyGSCfC5qX', 'lmphiBZO5pADmrcnzDQI', 'NORMAL', 0, NULL, 1, 0, NULL, 0, 0, 1, 0, 1, 0, 1, '2020-06-17 08:41:20', '2020-06-17 08:41:20'),
('qdJJayzKFT2pIeu27tWX', '681akMtKpWVLivjsciRh', 'NORMAL', 0, NULL, 1, 0, NULL, 0, 0, 1, 0, 1, 0, 1, '2020-06-17 09:37:03', '2020-06-17 09:37:03'),
('QNCEQqQDQPyFCxQ1GbcK', 'kBawgwU9HnKvlyQ7xkPF', 'NORMAL', 0, NULL, 1, 0, NULL, 0, 0, 1, 0, 1, 0, 1, '2020-06-17 07:36:06', '2020-06-17 07:36:06'),
('QSLQ4jAjAgwXbhtEo8aW', 'K3iHp1dhYGNjQmwq1iCw', 'NORMAL', 0, NULL, 1, 0, NULL, 0, 0, 1, 0, 1, 0, 1, '2020-06-17 09:15:06', '2020-06-17 09:15:06'),
('r9XrzdaNUwCAVcIjHngb', '12oW7QyadUlNv0BEplzD', 'NORMAL', 0, NULL, 1, 0, NULL, 0, 0, 1, 0, 1, 0, 1, '2020-06-17 07:58:42', '2020-06-17 07:58:42'),
('RasZL0atumjfVxzQdQPI', 'tihFMQ0xjJVdltv2RTTN', 'NORMAL', 0, NULL, 1, 0, NULL, 0, 0, 1, 0, 1, 0, 1, '2020-06-17 09:13:38', '2020-06-17 09:13:38'),
('rMKUQpw3CED3FpHTTRxF', 'r9DrfFKWcDfW1NmUTVUF', 'NORMAL', 0, NULL, 1, 0, NULL, 0, 0, 0, 0, 0, 0, 0, '2020-06-17 06:34:31', '2020-06-18 06:19:41'),
('RnnfMjX4E3O1nhW4kxJQ', 'aS21Uq49uwZ6mrxXqkMS', 'NORMAL', 0, NULL, 1, 0, NULL, 0, 0, 1, 0, 1, 0, 1, '2020-06-17 08:29:21', '2020-06-17 08:29:21'),
('RyRlXArLGoslWWweiooL', '0SyZXkuztHo42wLwBKNu', 'NORMAL', 0, NULL, 1, 0, NULL, 0, 0, 1, 0, 1, 0, 1, '2020-06-17 09:11:27', '2020-06-17 09:11:27'),
('s81xetgUEbLpnsZPE9CC', 'fE08CKHVVoDdEvBjpaoD', 'NORMAL', 0, NULL, 1, 0, NULL, 0, 0, 1, 0, 1, 0, 1, '2020-06-17 07:07:03', '2020-06-17 07:07:03'),
('SlTNKnPPe42UjlmFEV18', 'Epbg8fSUzUibglFMb4QK', 'NORMAL', 0, NULL, 1, 0, NULL, 0, 0, 1, 0, 1, 0, 1, '2020-06-17 08:33:43', '2020-06-17 08:33:43'),
('SpPRJQcKHgr4GVUHM2is', 'qpehG7T6muTFPzGXYB2c', 'NORMAL', 0, NULL, 1, 0, NULL, 0, 0, 1, 0, 1, 0, 1, '2020-06-17 09:37:57', '2020-06-17 09:37:57'),
('szmoQiWGspkmKSSo7qBl', 'qIG562dWjLFyiANxKnqm', 'NORMAL', 0, NULL, 1, 0, NULL, 0, 0, 1, 0, 1, 0, 1, '2020-06-17 08:54:22', '2020-06-17 08:54:22'),
('Th2mwvVx0y3kBbPBr55R', 'FRxAjpZ3mb90q1eUK9am', 'NORMAL', 0, NULL, 1, 0, NULL, 0, 0, 1, 0, 1, 0, 1, '2020-06-17 07:59:25', '2020-06-17 07:59:25'),
('TnaSQmlZpDFTP0OujjEB', 'zvGAZ5IBqoWmwD6Y5aTe', 'NORMAL', 0, NULL, 1, 0, NULL, 0, 0, 0, 0, 0, 0, 0, '2020-06-17 06:41:03', '2020-06-18 04:54:29'),
('V2F5DXKE4RjUTw45GvK2', 'HOJFVXUBHCdRriSr2aMj', 'NORMAL', 0, NULL, 1, 0, NULL, 0, 0, 1, 0, 1, 0, 1, '2020-06-17 07:09:43', '2020-06-17 07:09:43'),
('vJoGB9qQUXDBWInmpB8q', 'QFuXikRKJvQUieZWh53v', 'NORMAL', 0, NULL, 1, 0, NULL, 0, 0, 1, 0, 1, 0, 1, '2020-06-17 09:22:57', '2020-06-17 09:22:57'),
('vnPKh9can1e35dWbBSKN', 'U0mdWsRt802k7EBKdXZR', 'NORMAL', 0, NULL, 1, 0, NULL, 0, 0, 1, 0, 1, 0, 1, '2020-06-17 08:20:14', '2020-06-17 08:20:14'),
('WdPYbm0ajlCu536FAmzk', 'ZnC41UgCZ4dMBbXpssas', 'NORMAL', 0, NULL, 1, 0, NULL, 0, 0, 1, 0, 1, 0, 1, '2020-06-17 08:52:58', '2020-06-17 08:52:58'),
('WfqgRVD4u5GzfnQCmwC2', 'DAeKK34gX3ULaMUAHxdr', 'NORMAL', 0, NULL, 1, 0, NULL, 0, 0, 1, 0, 1, 0, 1, '2020-06-17 08:39:53', '2020-06-17 08:39:53'),
('wgk7MlfC4CAQ4vgObuK7', 'fTUCucWPw5zYWkel2qmT', 'NORMAL', 0, NULL, 1, 0, NULL, 0, 0, 1, 0, 1, 0, 1, '2020-06-17 07:39:47', '2020-06-17 07:39:47'),
('WzLxEUn5Ss075hYjFibs', 'qMJZtuzR6Ba7Z8leTbbj', 'NORMAL', 0, NULL, 1, 0, NULL, 0, 0, 1, 0, 1, 0, 1, '2020-06-17 09:04:56', '2020-06-17 09:04:56'),
('wzneCakX0LdCTpZZ1gLg', 'GEAd34k875DRV18gtT6Z', 'NORMAL', 0, NULL, 1, 0, NULL, 0, 0, 0, 0, 0, 0, 0, '2020-06-17 06:10:46', '2020-06-18 06:24:58'),
('xeYPOwAoBAffSJUWF54N', 'u5FxGvwKB6ugaaoU1HdQ', 'NORMAL', 0, NULL, 1, 0, NULL, 0, 0, 1, 0, 1, 0, 1, '2020-06-17 09:25:44', '2020-06-17 09:25:44'),
('XfwxJA96Mt53fNnPoixT', 'djgH31ObvGPdFRmGwkTl', 'NORMAL', 0, NULL, 1, 0, NULL, 0, 0, 1, 0, 1, 0, 1, '2020-06-17 09:12:46', '2020-06-17 09:12:46'),
('XMIQraeCMJtMhpBOrFRI', 'N600tQs36xtZ1Huf09FT', 'NORMAL', 0, NULL, 1, 0, NULL, 0, 0, 1, 0, 1, 0, 1, '2020-06-17 09:40:42', '2020-06-17 09:40:42'),
('XQWcrZFnZ5tkjUVXSW7R', 'ZcUk5vAhcQemcuJh23Zv', 'NORMAL', 0, NULL, 1, 0, NULL, 0, 0, 1, 0, 1, 0, 1, '2020-06-17 09:30:24', '2020-06-17 09:30:24'),
('yfW7sQhLAJJzMpCvpORg', 'hKI8vWNWBCGssPfh6Sks', 'NORMAL', 0, NULL, 1, 0, NULL, 0, 0, 1, 0, 1, 0, 1, '2020-06-17 08:42:00', '2020-06-17 08:42:00'),
('YvlcDJ2owjGre3aVhoga', 'YY4NfyzNBQIxSuVrEbew', 'NORMAL', 0, NULL, 1, 0, NULL, 0, 0, 0, 0, 0, 0, 0, '2020-06-17 06:26:37', '2020-06-18 06:18:23'),
('yW87pk8qICNF1XHa3mJX', 'X8UVVTfljuu7ullutlEp', 'NORMAL', 0, NULL, 1, 0, NULL, 0, 0, 1, 0, 1, 0, 1, '2020-06-17 07:52:09', '2020-06-17 07:52:09'),
('za6TmVePrEpeaCEaty6w', 'RG87oYqmXoySNC5oVZSM', 'NORMAL', 0, NULL, 1, 0, NULL, 0, 0, 1, 0, 1, 0, 1, '2020-06-17 08:35:29', '2020-06-17 08:35:29'),
('zjw2AheIq4LDUzajbQv0', 'Rh0UfPSbashkDuj7hoI6', 'NORMAL', 0, NULL, 1, 0, NULL, 0, 0, 1, 0, 1, 0, 1, '2020-06-17 07:29:59', '2020-06-17 07:29:59');

INSERT INTO `station_indicators` (`id`, `idStation`, `idIndicator`, `status`, `upperLimit`, `lowerLimit`, `orderIndicator`, `deletedAt`, `createdAt`, `updatedAt`) VALUES
('05Ocmv9fuYO9J5TS9vrC', 'uSkBwZpxLK2OwvhEIU8y', 'wpMTAZLKUmYHFbZ6oRwy', '00', 0.3, 0, 10, NULL, '2020-06-18 06:13:51', '2020-06-18 06:13:51'),
('08UmBYSp7lwtVldyWmHJ', 'CKVnUFPXgboigLWcA7ub', 'G1s0xtVYDjAIulIzEIdH', '00', 20, 0, 4, NULL, '2020-06-18 06:23:38', '2020-06-18 06:23:38'),
('0dnHNYXnv7rYJMoAxzwd', 'genc0sk8aqRsVlhIcU7G', 'm9Bgth2ILQle2nJo5Qzi', '00', 30000, 0, 0, NULL, '2020-06-17 09:32:58', '2020-06-17 09:32:58'),
('0HiVhaioFdKtQelzvwVB', 'YQIkCG8HjOT6VroxpXNB', 'UMuJlXJNv1Z9l5rqt7wa', '00', 0.5, 0, 3, NULL, '2020-06-18 04:47:28', '2020-06-18 04:47:28'),
('0JABlWZjbRRC8eyRysEz', 'YY4NfyzNBQIxSuVrEbew', 'QTwS5uidRRmwlsPmS11g', '00', 8.5, 6, 10, NULL, '2020-06-18 06:18:23', '2020-06-18 06:18:23'),
('0jsGQajAXCH57kycQI5m', 'zbijfvt7zFhBMDs6LWzz', 'QTwS5uidRRmwlsPmS11g', '00', 12, 6, 0, NULL, '2020-06-17 07:37:15', '2020-06-17 07:37:15'),
('0n18UqSSl7KKuRrp9Mxj', 'FfKKU60LlL4dsACRiat0', 'QTwS5uidRRmwlsPmS11g', '00', 12, 6, 0, NULL, '2020-06-17 07:46:53', '2020-06-17 07:46:53'),
('0uKN0XjR4ZnNIKTt6Ago', 'SutlVDrfC3l2UHv6TIay', 'QTwS5uidRRmwlsPmS11g', '00', 12, 6, 0, NULL, '2020-06-17 07:45:57', '2020-06-17 07:45:57'),
('0wOiYQBh4SzTuBKegfca', 'G1ghOBQsr00T29adnCZe', 'm9Bgth2ILQle2nJo5Qzi', '00', 30000, 0, 0, NULL, '2020-06-17 09:22:02', '2020-06-17 09:22:02'),
('0yFJTZ9uqOPi2G9YHJ8p', 'KeOa4S73PyqgzJVzq2jt', 'dIYhGDk2xMZyJeXFftmp', '00', 0.02, 0, 9, NULL, '2020-06-18 06:22:22', '2020-06-18 06:22:22'),
('16eL4TSGyXyyjGWj2lFl', 'UUhEFofIGrdKBQVjoFNN', 'm9Bgth2ILQle2nJo5Qzi', '00', 30000, 0, 0, NULL, '2020-06-17 09:24:14', '2020-06-17 09:24:14'),
('1mZ3x3RLDyMxZc5xjVTx', 'jdS20l4nmkDrIs3GV2jz', 'QTwS5uidRRmwlsPmS11g', '00', 12, 6, 0, NULL, '2020-06-17 08:29:55', '2020-06-17 08:29:55'),
('1XU9pek07uFsdvy8YnYp', 'zvGAZ5IBqoWmwD6Y5aTe', 'bX3NIa4JEuOvuurqk0Nh', '00', 2, 0, 8, NULL, '2020-06-18 04:54:29', '2020-06-18 04:54:29'),
('2cdR347RQn1JvwYuBWp6', 'Sk2hSAY2ycAqrPEGcLIL', 'UMuJlXJNv1Z9l5rqt7wa', '00', 0.5, 0, 9, NULL, '2020-06-18 04:50:55', '2020-06-18 04:50:55'),
('2mQ1HVvh2tFl4O1YWvmN', 'CKVnUFPXgboigLWcA7ub', '1GW2K4hZhfaaMeHQMJqA', '00', 0.1, 0, 6, NULL, '2020-06-18 06:23:38', '2020-06-18 06:23:38'),
('30DFLqyKhhUcOTMDlUH2', 'OZ8KEurM0mxvL5pnzTQn', 'm9Bgth2ILQle2nJo5Qzi', '00', 30000, 0, 0, NULL, '2020-06-17 09:27:40', '2020-06-17 09:27:40'),
('3FvhOFbSmvwcj4CbMTFS', 'Sk2hSAY2ycAqrPEGcLIL', 'QTwS5uidRRmwlsPmS11g', '00', 8.5, 6, 5, NULL, '2020-06-18 04:50:55', '2020-06-18 04:50:55'),
('3IxCbu8DL0CjMHrCsXJL', 'AFRMWMrAgzjs9LxSZFO7', 'wpMTAZLKUmYHFbZ6oRwy', '00', 0.3, 0, 7, NULL, '2020-06-18 04:56:10', '2020-06-18 04:56:10'),
('3MEo0VwVJdzgD4FD77XA', 'RiJzwwBjc0U0Wmd3jfFV', 'QTwS5uidRRmwlsPmS11g', '00', 12, 6, 0, NULL, '2020-06-17 07:53:05', '2020-06-17 07:53:05'),
('3QmWBxzfcOsZQiVBHJah', 'Sk2hSAY2ycAqrPEGcLIL', '1GW2K4hZhfaaMeHQMJqA', '00', 0.1, 0, 10, NULL, '2020-06-18 04:50:55', '2020-06-18 04:50:55'),
('4PyCLD6F6W9Qlh5WUqMU', 'AFRMWMrAgzjs9LxSZFO7', '1GW2K4hZhfaaMeHQMJqA', '00', 0.1, 0, 6, NULL, '2020-06-18 04:56:10', '2020-06-18 04:56:10'),
('4rmPhLa4J0zSIGQeYuRM', 'lmphiBZO5pADmrcnzDQI', 'QTwS5uidRRmwlsPmS11g', '00', 12, 6, 0, NULL, '2020-06-17 08:41:20', '2020-06-17 08:41:20'),
('4WnYHBI6bPdyTkXqVEDN', 'YY4NfyzNBQIxSuVrEbew', 'G1s0xtVYDjAIulIzEIdH', '00', 20, 0, 4, NULL, '2020-06-18 06:18:23', '2020-06-18 06:18:23'),
('5DNPZ2ZdYs20EoPVSiEJ', 'jt9FWP1UFDKqSxLFuLWw', 'QTwS5uidRRmwlsPmS11g', '00', 8.5, 6, 11, NULL, '2020-06-18 04:52:00', '2020-06-18 04:52:00'),
('5E05Wtpx8SCAzqnEPgkt', 'TQyrEfK0emPKskdgIxDT', 'QTwS5uidRRmwlsPmS11g', '00', 12, 6, 0, NULL, '2020-06-17 07:27:51', '2020-06-17 07:27:51'),
('5Fdsy6dIYlQbtn6yu2zI', 'u5FxGvwKB6ugaaoU1HdQ', 'm9Bgth2ILQle2nJo5Qzi', '00', 30000, 0, 0, NULL, '2020-06-17 09:25:44', '2020-06-17 09:25:44'),
('5FuLQjopZ5FbWvvvs6FU', 'owyiJTM1Nb9aCt9brV4T', 'QTwS5uidRRmwlsPmS11g', '00', 12, 6, 0, NULL, '2020-06-17 07:34:56', '2020-06-17 07:34:56'),
('5LlERmQBfNfNCOFwzv64', 'AFRMWMrAgzjs9LxSZFO7', 'zKVR9DisBXFATy4HtBMv', '00', 0.5, 0, 11, NULL, '2020-06-18 04:56:10', '2020-06-18 04:56:10'),
('5N3XEgYyFjx9wY3Z2qoV', 'U0mdWsRt802k7EBKdXZR', 'QTwS5uidRRmwlsPmS11g', '00', 12, 6, 0, NULL, '2020-06-17 08:20:14', '2020-06-17 08:20:14'),
('5NzXHg1cJbAU6yt7Yhfz', 'Sk2hSAY2ycAqrPEGcLIL', 'y1Cm4IWOOTgDBPkSnmWi', '00', 0.1, 0, 3, NULL, '2020-06-18 04:50:55', '2020-06-18 04:50:55'),
('5q8RmON8dFyF1jB9WGig', 'hKI8vWNWBCGssPfh6Sks', 'QTwS5uidRRmwlsPmS11g', '00', 12, 6, 0, NULL, '2020-06-17 08:42:00', '2020-06-17 08:42:00'),
('5WnICr5ZFsJcKinJ4USe', 'GEAd34k875DRV18gtT6Z', 'QTwS5uidRRmwlsPmS11g', '00', 8.5, 6, 10, NULL, '2020-06-18 06:24:58', '2020-06-18 06:24:58'),
('5zNBJ1awH4RqUCbwRMgF', 'zvGAZ5IBqoWmwD6Y5aTe', 'UMuJlXJNv1Z9l5rqt7wa', '00', 0.5, 0, 4, NULL, '2020-06-18 04:54:29', '2020-06-18 04:54:29'),
('6rivI8b22P62P9ick2Yq', 'KeOa4S73PyqgzJVzq2jt', 'wpMTAZLKUmYHFbZ6oRwy', '00', 0.3, 0, 7, NULL, '2020-06-18 06:22:22', '2020-06-18 06:22:22'),
('6ya78EWyY0pMUGo5mmHg', 'CKVnUFPXgboigLWcA7ub', 'bX3NIa4JEuOvuurqk0Nh', '00', 2, 0, 8, NULL, '2020-06-18 06:23:38', '2020-06-18 06:23:38'),
('7I6yrl8LBzEGez1Z18H4', 'CKVnUFPXgboigLWcA7ub', 'ZN2B2YjFgnFjyp1g4BRy', '00', 2500, 0, 2, NULL, '2020-06-18 06:23:38', '2020-06-18 06:23:38'),
('7pncCqtK8532MHKL3H11', 'fTUCucWPw5zYWkel2qmT', 'QTwS5uidRRmwlsPmS11g', '00', 12, 6, 0, NULL, '2020-06-17 07:39:47', '2020-06-17 07:39:47'),
('7UFvne9P0lauXynUgeH2', 'o6maejsRbC2LfeQDSkX9', 'Wq7CFl3Hjl3Y4EX9xMfL', '00', 0.005, 0, 1, NULL, '2020-06-18 04:53:28', '2020-06-18 04:53:28'),
('7Us8uw5CDCSJcPxciNWS', 'YQIkCG8HjOT6VroxpXNB', 'G1s0xtVYDjAIulIzEIdH', '00', 20, 0, 11, NULL, '2020-06-18 04:47:28', '2020-06-18 04:47:28'),
('7XUNFMoYjFoPnQBALso1', 'VV1PrAuoPtFg7z108cuz', 'm9Bgth2ILQle2nJo5Qzi', '00', 30000, 0, 0, NULL, '2020-06-17 09:07:28', '2020-06-17 09:07:28'),
('851cG0JZKEoXzor8YUj0', 'godSZzPlx6pXbrXDztlM', 'QTwS5uidRRmwlsPmS11g', '00', 12, 6, 0, NULL, '2020-06-17 07:40:48', '2020-06-17 07:40:48'),
('8CkR3AkI2c06NEeMw4qk', 'noNzK2ASNUXUfPBBV2Vp', 'm9Bgth2ILQle2nJo5Qzi', '00', 30000, 0, 0, NULL, '2020-06-17 09:15:47', '2020-06-17 09:15:47'),
('8uAhYxsVHioYEmtGmEEK', 'r9DrfFKWcDfW1NmUTVUF', 'y1Cm4IWOOTgDBPkSnmWi', '00', 0.1, 0, 3, NULL, '2020-06-18 06:19:41', '2020-06-18 06:19:41'),
('8ZM8UWHnSnyk1dmRR5Lq', 'qMJZtuzR6Ba7Z8leTbbj', 'm9Bgth2ILQle2nJo5Qzi', '00', 30000, 0, 0, NULL, '2020-06-17 09:04:56', '2020-06-17 09:04:56'),
('9b7ftbHJBIXlVevCfNVI', 'o6maejsRbC2LfeQDSkX9', 'wpMTAZLKUmYHFbZ6oRwy', '00', 0.3, 0, 7, NULL, '2020-06-18 04:53:28', '2020-06-18 04:53:28'),
('9ONoTq0LexlgmFB5g4M0', 'o6maejsRbC2LfeQDSkX9', 'G1s0xtVYDjAIulIzEIdH', '00', 20, 0, 3, NULL, '2020-06-18 04:53:28', '2020-06-18 04:53:28'),
('A0cdbbhPCAqcOTPCrHj9', 'zvGAZ5IBqoWmwD6Y5aTe', 'ZN2B2YjFgnFjyp1g4BRy', '00', 2500, 0, 2, NULL, '2020-06-18 04:54:29', '2020-06-18 04:54:29'),
('a1VIPaC7cwYy16SNOmdd', 'zvGAZ5IBqoWmwD6Y5aTe', 'y1Cm4IWOOTgDBPkSnmWi', '00', 0.1, 0, 5, NULL, '2020-06-18 04:54:29', '2020-06-18 04:54:29'),
('aFFDPc2Ix6hbqzpHDrQ2', 'YQIkCG8HjOT6VroxpXNB', 'QTwS5uidRRmwlsPmS11g', '00', 8.5, 6, 0, NULL, '2020-06-18 04:47:28', '2020-06-18 04:47:28'),
('arhLC30f4yDRTN6aHBwl', '3tahyTlFnAf0bt8FQ4cB', 'bX3NIa4JEuOvuurqk0Nh', '00', 2, 0, 1, NULL, '2020-06-18 04:44:42', '2020-06-18 04:44:42'),
('beP9XHOxAcyWqTUITZKk', 'KeOa4S73PyqgzJVzq2jt', 'ZF6oDiJyafvgJbbTQOdT', '00', 0.01, 0, 0, NULL, '2020-06-18 06:22:22', '2020-06-18 06:22:22'),
('BETsTQIXTLQsbXQs9V98', '681akMtKpWVLivjsciRh', 'm9Bgth2ILQle2nJo5Qzi', '00', 30000, 0, 0, NULL, '2020-06-17 09:37:03', '2020-06-17 09:37:03'),
('bFvqSCDxK6AwknK3ZnYz', '9wddtw6aX9Nz9DS95cuZ', 'm9Bgth2ILQle2nJo5Qzi', '00', 30000, 0, 0, NULL, '2020-06-17 09:39:08', '2020-06-17 09:39:08'),
('BqdMrAF0upHsiRbQFowD', 'aSRuDNCG3BiubH3Zyi4d', 'm9Bgth2ILQle2nJo5Qzi', '00', 30000, 0, 0, NULL, '2020-06-17 09:18:19', '2020-06-17 09:18:19'),
('bTnmdz8SPe84lRViT2Su', 'YY4NfyzNBQIxSuVrEbew', 'y1Cm4IWOOTgDBPkSnmWi', '00', 0.1, 0, 3, NULL, '2020-06-18 06:18:23', '2020-06-18 06:18:23'),
('bw11Efo2EWQFw9YmusLq', 'KeOa4S73PyqgzJVzq2jt', 'bX3NIa4JEuOvuurqk0Nh', '00', 2, 0, 8, NULL, '2020-06-18 06:22:22', '2020-06-18 06:22:22'),
('bYnhohJVid2s1jHtU71Q', 'jt9FWP1UFDKqSxLFuLWw', 'bX3NIa4JEuOvuurqk0Nh', '00', 2, 0, 10, NULL, '2020-06-18 04:52:00', '2020-06-18 04:52:00'),
('bz2eagj2W4Bwx12IbNVI', '72bngBGrXMlIqUEtbfLn', 'QTwS5uidRRmwlsPmS11g', '00', 12, 6, 0, NULL, '2020-06-17 08:40:28', '2020-06-17 08:40:28'),
('CBMmOorGobmHkIejicPl', 'O6qBJWMOYhCbceGCjjdD', 'QTwS5uidRRmwlsPmS11g', '00', 12, 6, 0, NULL, '2020-06-17 08:27:03', '2020-06-17 08:27:03'),
('cbYEsFpylfLYBHGosrji', 'AFRMWMrAgzjs9LxSZFO7', 'ZF6oDiJyafvgJbbTQOdT', '00', 0.01, 0, 0, NULL, '2020-06-18 04:56:10', '2020-06-18 04:56:10'),
('CCTBdlFZ34pOmJKu2dLW', 'RG87oYqmXoySNC5oVZSM', 'QTwS5uidRRmwlsPmS11g', '00', 12, 6, 0, NULL, '2020-06-17 08:35:29', '2020-06-17 08:35:29'),
('cJdwfRHbjHDLDWdenc3k', 'Sk2hSAY2ycAqrPEGcLIL', 'Wq7CFl3Hjl3Y4EX9xMfL', '00', 0.005, 0, 1, NULL, '2020-06-18 04:50:55', '2020-06-18 04:50:55'),
('CPMtSuPp22DK1UB830WE', '3tahyTlFnAf0bt8FQ4cB', 'wpMTAZLKUmYHFbZ6oRwy', '00', 0.3, 0, 2, NULL, '2020-06-18 04:44:42', '2020-06-18 04:44:42'),
('cY38ysdw7CRNgnn984yu', 'GEAd34k875DRV18gtT6Z', 'dIYhGDk2xMZyJeXFftmp', '00', 0.02, 0, 9, NULL, '2020-06-18 06:24:58', '2020-06-18 06:24:58'),
('DcnxgVBltJXtivhRwyL7', 'zvGAZ5IBqoWmwD6Y5aTe', '1GW2K4hZhfaaMeHQMJqA', '00', 0.1, 0, 6, NULL, '2020-06-18 04:54:29', '2020-06-18 04:54:29'),
('DeIDlp5tNH7QceokVipI', 'WgueYcn35G4LA0jw7i9p', 'm9Bgth2ILQle2nJo5Qzi', '00', 30000, 0, 0, NULL, '2020-06-17 09:10:19', '2020-06-17 09:10:19'),
('dHRD8YK7aqj9gvEUewK5', 'jt9FWP1UFDKqSxLFuLWw', 'G1s0xtVYDjAIulIzEIdH', '00', 20, 0, 4, NULL, '2020-06-18 04:52:00', '2020-06-18 04:52:00'),
('dJjSpIJEUqHS7x8NiYEO', 'KeOa4S73PyqgzJVzq2jt', 'G1s0xtVYDjAIulIzEIdH', '00', 20, 0, 4, NULL, '2020-06-18 06:22:22', '2020-06-18 06:22:22'),
('DM2dgvkmBqSNm7gLSGRw', 'pNeSYxSRrX3vutKJJhc4', 'm9Bgth2ILQle2nJo5Qzi', '00', 30000, 0, 0, NULL, '2020-06-17 09:28:39', '2020-06-17 09:28:39'),
('DN5YP8HJ0OdewR8jA9uG', 'CKVnUFPXgboigLWcA7ub', 'wpMTAZLKUmYHFbZ6oRwy', '00', 0.3, 0, 7, NULL, '2020-06-18 06:23:38', '2020-06-18 06:23:38'),
('dOBC2r0NLi3lRQg7q9tj', '3tahyTlFnAf0bt8FQ4cB', '1GW2K4hZhfaaMeHQMJqA', '00', 0.1, 0, 4, NULL, '2020-06-18 04:44:42', '2020-06-18 04:44:42'),
('dxBOpXeKqp5ehqYJeCWl', '3tahyTlFnAf0bt8FQ4cB', 'ZF6oDiJyafvgJbbTQOdT', '00', 0.01, 0, 8, NULL, '2020-06-18 04:44:42', '2020-06-18 04:44:42'),
('dzN1YpoBE1DQrFLuDwkd', 'YY4NfyzNBQIxSuVrEbew', 'Wq7CFl3Hjl3Y4EX9xMfL', '00', 0.005, 0, 1, NULL, '2020-06-18 06:18:23', '2020-06-18 06:18:23'),
('e2Rdo6J3kTTcIOX8DQf6', 'qIG562dWjLFyiANxKnqm', 'QTwS5uidRRmwlsPmS11g', '00', 12, 6, 0, NULL, '2020-06-17 08:54:22', '2020-06-17 08:54:22'),
('e31NADjyhFQMYUxeP7bN', 'aS21Uq49uwZ6mrxXqkMS', 'QTwS5uidRRmwlsPmS11g', '00', 12, 6, 0, NULL, '2020-06-17 08:29:21', '2020-06-17 08:29:21'),
('EAFKv150fCYAEZVupvLd', 'GEAd34k875DRV18gtT6Z', 'bX3NIa4JEuOvuurqk0Nh', '00', 2, 0, 8, NULL, '2020-06-18 06:24:58', '2020-06-18 06:24:58'),
('eaYo9C0dBuXVENBrZKMK', 'r9DrfFKWcDfW1NmUTVUF', 'ZF6oDiJyafvgJbbTQOdT', '00', 0.01, 0, 0, NULL, '2020-06-18 06:19:41', '2020-06-18 06:19:41'),
('EbWs77v5khGlnyQBcNbq', 'YY4NfyzNBQIxSuVrEbew', 'bX3NIa4JEuOvuurqk0Nh', '00', 2, 0, 9, NULL, '2020-06-18 06:18:23', '2020-06-18 06:18:23'),
('eCsKvxeuo8l4Giprv6YV', 'o6maejsRbC2LfeQDSkX9', 'y1Cm4IWOOTgDBPkSnmWi', '00', 0.1, 0, 4, NULL, '2020-06-18 04:53:28', '2020-06-18 04:53:28'),
('EfUfDV7Htk3vJKbILqas', 'UQXjKtAmy9nRuGgZjSzd', 'QTwS5uidRRmwlsPmS11g', '00', 12, 6, 0, NULL, '2020-06-17 08:23:29', '2020-06-17 08:23:29'),
('egwrvltbBTyV06d3qyXW', 'liFZaoqanYtBoYAok4FC', 'QTwS5uidRRmwlsPmS11g', '00', 12, 6, 0, NULL, '2020-06-17 08:36:57', '2020-06-17 08:36:57'),
('eKIhlWttdaeAwWb3WtkK', 'CKVnUFPXgboigLWcA7ub', 'ZF6oDiJyafvgJbbTQOdT', '00', 0.01, 0, 0, NULL, '2020-06-18 06:23:38', '2020-06-18 06:23:38'),
('Em51IbP1F3ZyTHmBjAAu', 'Rh0UfPSbashkDuj7hoI6', 'QTwS5uidRRmwlsPmS11g', '00', 12, 6, 0, NULL, '2020-06-17 07:29:59', '2020-06-17 07:29:59'),
('EOryA4d2Rmdv3Dgu1ixw', 'YQIkCG8HjOT6VroxpXNB', 'Wq7CFl3Hjl3Y4EX9xMfL', '00', 0.005, 0, 8, NULL, '2020-06-18 04:47:28', '2020-06-18 04:47:28'),
('eUNm5PCFKAyk3V9LSh6K', 'jt9FWP1UFDKqSxLFuLWw', 'y1Cm4IWOOTgDBPkSnmWi', '00', 0.1, 0, 3, NULL, '2020-06-18 04:52:00', '2020-06-18 04:52:00'),
('FbUGawP544FLmyg1bHCT', 'GEAd34k875DRV18gtT6Z', 'wpMTAZLKUmYHFbZ6oRwy', '00', 0.3, 0, 7, NULL, '2020-06-18 06:24:58', '2020-06-18 06:24:58'),
('Ff3R9XAwu9WHVkVoIUGg', '8gXheEMVfXDBvWxB4t6M', 'QTwS5uidRRmwlsPmS11g', '00', 12, 6, 0, NULL, '2020-06-17 08:26:18', '2020-06-17 08:26:18'),
('fnvc0PUJr40m0frxUy6I', 'uSkBwZpxLK2OwvhEIU8y', 'UMuJlXJNv1Z9l5rqt7wa', '00', 0.5, 0, 5, NULL, '2020-06-18 06:13:51', '2020-06-18 06:13:51'),
('FQ2ppikpovg1IInaUC9r', 'tihFMQ0xjJVdltv2RTTN', 'm9Bgth2ILQle2nJo5Qzi', '00', 30000, 0, 0, NULL, '2020-06-17 09:13:38', '2020-06-17 09:13:38'),
('FtQel9gUjX61vZBLiCvz', 'K3iHp1dhYGNjQmwq1iCw', 'm9Bgth2ILQle2nJo5Qzi', '00', 30000, 0, 0, NULL, '2020-06-17 09:15:06', '2020-06-17 09:15:06'),
('G0vhgi3BansI9icbWQQv', 'r9DrfFKWcDfW1NmUTVUF', 'ZN2B2YjFgnFjyp1g4BRy', '00', 2500, 0, 2, NULL, '2020-06-18 06:19:41', '2020-06-18 06:19:41'),
('G24VvV5IKwaUOtYyuqJ2', 'aPS6Tf2TI1JCaPOJ2iQB', 'QTwS5uidRRmwlsPmS11g', '00', 12, 6, 0, NULL, '2020-06-17 08:55:01', '2020-06-17 08:55:01'),
('g7MeDiEsyvPNzbISzK3D', 'YQIkCG8HjOT6VroxpXNB', 'ZN2B2YjFgnFjyp1g4BRy', '00', 2500, 0, 10, NULL, '2020-06-18 04:47:28', '2020-06-18 04:47:28'),
('GEhZ3sb1mbRZ0GrMxTeV', '3tahyTlFnAf0bt8FQ4cB', 'zKVR9DisBXFATy4HtBMv', '00', 0.5, 0, 11, NULL, '2020-06-18 04:44:42', '2020-06-18 04:44:42'),
('gJnPjatNKU0XIsKG2T4X', 'o6maejsRbC2LfeQDSkX9', 'QTwS5uidRRmwlsPmS11g', '00', 8.5, 6, 10, NULL, '2020-06-18 04:53:28', '2020-06-18 04:53:28'),
('gowLbL331bwbKkPVLLsx', 'VufjyCZGNQiObj8mRcHb', 'QTwS5uidRRmwlsPmS11g', '00', 12, 6, 0, NULL, '2020-06-17 08:03:30', '2020-06-17 08:03:30'),
('GstTVZ69v6TayFDL3IiJ', 'jt9FWP1UFDKqSxLFuLWw', 'UMuJlXJNv1Z9l5rqt7wa', '00', 0.5, 0, 5, NULL, '2020-06-18 04:52:00', '2020-06-18 04:52:00'),
('gUuvxrFXHdenuhkOeMcR', 'AqUmQSW2jMKfcUTPfyIH', 'J0ZJ4wGE1K9b1yWPA1AA', '00', 100, 0, 0, NULL, '2020-06-17 06:37:06', '2020-06-17 06:37:06'),
('GVXAtlzYE5gGPHph4HwB', 'jt9FWP1UFDKqSxLFuLWw', '1GW2K4hZhfaaMeHQMJqA', '00', 0.1, 0, 6, NULL, '2020-06-18 04:52:00', '2020-06-18 04:52:00'),
('GxliQHI79XkybtxSRTVG', 'zvGAZ5IBqoWmwD6Y5aTe', 'G1s0xtVYDjAIulIzEIdH', '00', 20, 0, 3, NULL, '2020-06-18 04:54:29', '2020-06-18 04:54:29'),
('gyBri9vrvk66E7Of6UOe', '0TuGDJ87N1rSLKnwJeY6', 'QTwS5uidRRmwlsPmS11g', '00', 12, 6, 0, NULL, '2020-06-17 07:10:57', '2020-06-17 07:10:57'),
('GYNWJvTZpWcvbF0NHi5V', 'uSkBwZpxLK2OwvhEIU8y', 'y1Cm4IWOOTgDBPkSnmWi', '00', 0.1, 0, 3, NULL, '2020-06-18 06:13:51', '2020-06-18 06:13:51'),
('hctMYxe22Nq8M5654MKE', 'o6maejsRbC2LfeQDSkX9', '1GW2K4hZhfaaMeHQMJqA', '00', 0.1, 0, 6, NULL, '2020-06-18 04:53:28', '2020-06-18 04:53:28'),
('hDtqQNRksLSgN3VYTvP7', '73SywWduuD95etjlWnHa', 'QTwS5uidRRmwlsPmS11g', '00', 12, 6, 0, NULL, '2020-06-17 08:19:34', '2020-06-17 08:19:34'),
('HE1XKfSOwakmNCH6Nezz', 'YY4NfyzNBQIxSuVrEbew', 'wpMTAZLKUmYHFbZ6oRwy', '00', 0.3, 0, 7, NULL, '2020-06-18 06:18:23', '2020-06-18 06:18:23'),
('hUXmJBfqo9UBzHvlnAWF', 'wXuWYR7DhAZTcmm26x31', 'QTwS5uidRRmwlsPmS11g', '00', 12, 6, 0, NULL, '2020-06-17 08:27:51', '2020-06-17 08:27:51'),
('Hwaht89syMaMlVbZA6LQ', 'KeOa4S73PyqgzJVzq2jt', '1GW2K4hZhfaaMeHQMJqA', '00', 0.1, 0, 6, NULL, '2020-06-18 06:22:22', '2020-06-18 06:22:22'),
('HxBBs5aSuWXMHsEvbc6l', 'uSkBwZpxLK2OwvhEIU8y', 'Wq7CFl3Hjl3Y4EX9xMfL', '00', 0.005, 0, 1, NULL, '2020-06-18 06:13:51', '2020-06-18 06:13:51'),
('Ia2qMFOCYLg0tjdLAify', 'CKVnUFPXgboigLWcA7ub', 'QTwS5uidRRmwlsPmS11g', '00', 8.5, 6, 10, NULL, '2020-06-18 06:23:38', '2020-06-18 06:23:38'),
('IF51BHkzPsFkIr79F7EM', 'GEAd34k875DRV18gtT6Z', 'ZF6oDiJyafvgJbbTQOdT', '00', 0.01, 0, 0, NULL, '2020-06-18 06:24:58', '2020-06-18 06:24:58'),
('iJJS1G3wBNdjVTL1vhZ5', 'Fhu1ga8rq22atJyCH8WU', 'QTwS5uidRRmwlsPmS11g', '00', 12, 6, 0, NULL, '2020-06-17 07:06:06', '2020-06-17 07:06:06'),
('iL5oR0ML4G6IBU7AduVY', 'VsiizJ8LbpXrfE1LUa1x', 'm9Bgth2ILQle2nJo5Qzi', '00', 30000, 0, 0, NULL, '2020-06-17 09:16:30', '2020-06-17 09:16:30'),
('imqAVjigTrO4F0fWyfXL', 'AFRMWMrAgzjs9LxSZFO7', 'y1Cm4IWOOTgDBPkSnmWi', '00', 0.1, 0, 3, NULL, '2020-06-18 04:56:10', '2020-06-18 04:56:10'),
('iO00AkWz9t7pS23z5XKv', 'HOJFVXUBHCdRriSr2aMj', 'QTwS5uidRRmwlsPmS11g', '00', 12, 6, 0, NULL, '2020-06-17 07:09:43', '2020-06-17 07:09:43'),
('IOEkhHIjx7HadK2OYzjD', 'kHbfpqEFe33l9oevEeVm', 'm9Bgth2ILQle2nJo5Qzi', '00', 30000, 0, 0, NULL, '2020-06-17 09:35:46', '2020-06-17 09:35:46'),
('iqAXBMv9KrvNdl2t9FXi', '3tahyTlFnAf0bt8FQ4cB', 'y1Cm4IWOOTgDBPkSnmWi', '00', 0.1, 0, 5, NULL, '2020-06-18 04:44:42', '2020-06-18 04:44:42'),
('IRfke1DomuBFWQMqCJJX', 'YY4NfyzNBQIxSuVrEbew', 'zKVR9DisBXFATy4HtBMv', '00', 0.5, 0, 11, NULL, '2020-06-18 06:18:23', '2020-06-18 06:18:23'),
('isP0NtGcn6aGOm7Y5Ys8', 'Sk2hSAY2ycAqrPEGcLIL', 'wpMTAZLKUmYHFbZ6oRwy', '00', 0.3, 0, 8, NULL, '2020-06-18 04:50:55', '2020-06-18 04:50:55'),
('J3wCnyQvJDkBVaAvsUHg', 'jt9FWP1UFDKqSxLFuLWw', 'Wq7CFl3Hjl3Y4EX9xMfL', '00', 0.005, 0, 1, NULL, '2020-06-18 04:52:00', '2020-06-18 04:52:00'),
('jCagE5722aV4v3MUSsYF', 'S2Y5GwzPOxQXAaiXEhIU', 'QTwS5uidRRmwlsPmS11g', '00', 12, 6, 0, NULL, '2020-06-17 08:01:45', '2020-06-17 08:01:45'),
('JCbD8P5eW0OrLxJeduIi', '3dbPXKJcBQxTgK5XKHPb', 'QTwS5uidRRmwlsPmS11g', '00', 12, 6, 0, NULL, '2020-06-17 08:34:50', '2020-06-17 08:34:50'),
('jEcKd552SIegeLtFYM0L', 'jt9FWP1UFDKqSxLFuLWw', 'ZN2B2YjFgnFjyp1g4BRy', '00', 2500, 0, 2, NULL, '2020-06-18 04:52:00', '2020-06-18 04:52:00'),
('JeesXYQhzXYzjyDQ7BBa', 'kBawgwU9HnKvlyQ7xkPF', 'QTwS5uidRRmwlsPmS11g', '00', 12, 6, 0, NULL, '2020-06-17 07:36:06', '2020-06-17 07:36:06'),
('JfZv8f1U5gzlI6a49HPe', 'GEAd34k875DRV18gtT6Z', 'ZN2B2YjFgnFjyp1g4BRy', '00', 2500, 0, 2, NULL, '2020-06-18 06:24:58', '2020-06-18 06:24:58'),
('JiZj2g3UZcMDvLveq9sJ', 'XJmXUDywumyvqa1e4zcX', 'm9Bgth2ILQle2nJo5Qzi', '00', 30000, 0, 0, NULL, '2020-06-17 09:29:35', '2020-06-17 09:29:35'),
('jR0jNhhHojXyNyL3f4hz', 'jV4Y78gfkmZysTWAnuSy', 'QTwS5uidRRmwlsPmS11g', '00', 12, 6, 0, NULL, '2020-06-17 07:08:50', '2020-06-17 07:08:50'),
('jrE8Apjc8rlkxFTT3im8', 'jt9FWP1UFDKqSxLFuLWw', 'dIYhGDk2xMZyJeXFftmp', '00', 0.02, 0, 8, NULL, '2020-06-18 04:52:00', '2020-06-18 04:52:00'),
('jSDz2KZEpRMOv29PMXeY', '3tahyTlFnAf0bt8FQ4cB', 'UMuJlXJNv1Z9l5rqt7wa', '00', 0.5, 0, 3, NULL, '2020-06-18 04:44:42', '2020-06-18 04:44:42'),
('JvmwSVjZmDNH8N5NLOzB', '6U2Jd3oEwFHXUjs5QfBx', 'QTwS5uidRRmwlsPmS11g', '00', 12, 6, 0, NULL, '2020-06-17 08:22:16', '2020-06-17 08:22:16'),
('JxCXGM5ssTdZWh9gTPXa', 'YQIkCG8HjOT6VroxpXNB', 'zKVR9DisBXFATy4HtBMv', '00', 0.5, 0, 7, NULL, '2020-06-18 04:47:28', '2020-06-18 04:47:28'),
('JyA6X5sDWU8EjhqQdgvR', 'vV070RWLfDYHdH1yLDRm', 'm9Bgth2ILQle2nJo5Qzi', '00', 30000, 0, 0, NULL, '2020-06-17 09:35:01', '2020-06-17 09:35:01'),
('khXaNHRbuQfdO2D3oBjw', 't8jnU24FbqRabnYuPMz8', 'QTwS5uidRRmwlsPmS11g', '00', 12, 6, 0, NULL, '2020-06-17 07:30:56', '2020-06-17 07:30:56'),
('kk0GXBXxkXf8qGaaHKDW', 'j66W9oTAsVgLP72m4Wtv', 'QTwS5uidRRmwlsPmS11g', '00', 12, 6, 0, NULL, '2020-06-17 08:32:44', '2020-06-17 08:32:44'),
('KK245vyKMND5DlhPhUn6', 'jt9FWP1UFDKqSxLFuLWw', 'wpMTAZLKUmYHFbZ6oRwy', '00', 0.3, 0, 7, NULL, '2020-06-18 04:52:00', '2020-06-18 04:52:00'),
('KMaRAocfqCzR4aWovHvL', 'YY4NfyzNBQIxSuVrEbew', 'UMuJlXJNv1Z9l5rqt7wa', '00', 0.5, 0, 5, NULL, '2020-06-18 06:18:23', '2020-06-18 06:18:23'),
('Kx5pfKAj5qxYS5mr0iAb', '3tahyTlFnAf0bt8FQ4cB', 'ZN2B2YjFgnFjyp1g4BRy', '00', 2500, 0, 9, NULL, '2020-06-18 04:44:42', '2020-06-18 04:44:42'),
('L6FfMKOxMzx10RooshTz', 'AFRMWMrAgzjs9LxSZFO7', 'bX3NIa4JEuOvuurqk0Nh', '00', 2, 0, 8, NULL, '2020-06-18 04:56:10', '2020-06-18 04:56:10'),
('lCGBK7LAo9ros7HWcpfP', 'uSkBwZpxLK2OwvhEIU8y', 'ZF6oDiJyafvgJbbTQOdT', '00', 0.01, 0, 0, NULL, '2020-06-18 06:13:51', '2020-06-18 06:13:51'),
('lci2JhTaVQu3LETOXiPx', 'o6maejsRbC2LfeQDSkX9', 'ZN2B2YjFgnFjyp1g4BRy', '00', 2500, 0, 2, NULL, '2020-06-18 04:53:28', '2020-06-18 04:53:28'),
('LDKQDUlp6enqsl4d9Fjc', 'Rkg0qHG45WtHhjxOPyFD', 'QTwS5uidRRmwlsPmS11g', '00', 12, 6, 0, NULL, '2020-06-17 08:43:42', '2020-06-17 08:43:42'),
('LKoOG9GR8kghT5t9wGPW', 'nc5fDXquMmGR0hjNE8VM', 'QTwS5uidRRmwlsPmS11g', '00', 12, 6, 0, NULL, '2020-06-17 07:11:36', '2020-06-17 07:11:36'),
('lrumAeKVN5Je6aan9EPW', 'GEAd34k875DRV18gtT6Z', '1GW2K4hZhfaaMeHQMJqA', '00', 0.1, 0, 6, NULL, '2020-06-18 06:24:58', '2020-06-18 06:24:58'),
('LZq0NUIzC0YK2dqcJdzf', 'CKVnUFPXgboigLWcA7ub', 'dIYhGDk2xMZyJeXFftmp', '00', 0.02, 0, 9, NULL, '2020-06-18 06:23:38', '2020-06-18 06:23:38'),
('M2ZT2iWqbA9OScMQnQK0', 'Sk2hSAY2ycAqrPEGcLIL', 'dIYhGDk2xMZyJeXFftmp', '00', 0.02, 0, 6, NULL, '2020-06-18 04:50:55', '2020-06-18 04:50:55'),
('m8gSa7eFv1jVQKgC4ZPG', 'tFlMJM6K83FOv1qhZrN9', 'QTwS5uidRRmwlsPmS11g', '00', 12, 6, 0, NULL, '2020-06-17 07:48:18', '2020-06-17 07:48:18'),
('Mcbk5ERhpVIvoXQ55qIY', '0SyZXkuztHo42wLwBKNu', 'm9Bgth2ILQle2nJo5Qzi', '00', 30000, 0, 0, NULL, '2020-06-17 09:11:27', '2020-06-17 09:11:27'),
('mDprIcdXbuX6aB3jPxVV', 'YY4NfyzNBQIxSuVrEbew', 'ZN2B2YjFgnFjyp1g4BRy', '00', 2500, 0, 2, NULL, '2020-06-18 06:18:23', '2020-06-18 06:18:23'),
('MevzHScVQfUqPRcbjJrx', 'N0ps4I9XZgRDYLCclrWQ', 'QTwS5uidRRmwlsPmS11g', '00', 12, 6, 0, NULL, '2020-06-17 08:28:38', '2020-06-17 08:28:38'),
('mfGBgPeulSteWNipeT4m', 'YQIkCG8HjOT6VroxpXNB', '1GW2K4hZhfaaMeHQMJqA', '00', 0.1, 0, 4, NULL, '2020-06-18 04:47:28', '2020-06-18 04:47:28'),
('MG5yMiDAS72Ao0zNCpza', 'zvGAZ5IBqoWmwD6Y5aTe', 'Wq7CFl3Hjl3Y4EX9xMfL', '00', 0.005, 0, 1, NULL, '2020-06-18 04:54:29', '2020-06-18 04:54:29'),
('mgnled7AfkjJAIcSImJo', 'QFuXikRKJvQUieZWh53v', 'm9Bgth2ILQle2nJo5Qzi', '00', 30000, 0, 0, NULL, '2020-06-17 09:22:57', '2020-06-17 09:22:57'),
('mmTU6ZxUBb9qfTFqMdGj', 'uSkBwZpxLK2OwvhEIU8y', 'zKVR9DisBXFATy4HtBMv', '00', 0.5, 0, 11, NULL, '2020-06-18 06:13:51', '2020-06-18 06:13:51'),
('Mokbiulc5dTwfaIRIq9G', '12oW7QyadUlNv0BEplzD', 'QTwS5uidRRmwlsPmS11g', '00', 12, 6, 0, NULL, '2020-06-17 07:58:42', '2020-06-17 07:58:42'),
('mPSnnRQKC0JTjwS8K1pl', 'jt9FWP1UFDKqSxLFuLWw', 'zKVR9DisBXFATy4HtBMv', '00', 0.5, 0, 9, NULL, '2020-06-18 04:52:00', '2020-06-18 04:52:00'),
('MtDe3e2D1Ld0nJ08DEMJ', 'YY4NfyzNBQIxSuVrEbew', '1GW2K4hZhfaaMeHQMJqA', '00', 0.1, 0, 6, NULL, '2020-06-18 06:18:23', '2020-06-18 06:18:23'),
('MVjWXFAJ7j767xQEOjXn', '3tahyTlFnAf0bt8FQ4cB', 'QTwS5uidRRmwlsPmS11g', '00', 8.5, 6, 0, NULL, '2020-06-18 04:44:42', '2020-06-18 04:44:42'),
('N0qIZSptiVEUffcokp3s', 'KeOa4S73PyqgzJVzq2jt', 'ZN2B2YjFgnFjyp1g4BRy', '00', 2500, 0, 2, NULL, '2020-06-18 06:22:22', '2020-06-18 06:22:22'),
('nbnvCUNuuIl4PcnM2eL1', 'dTSWKPXamDDcXBtnFOey', 'QTwS5uidRRmwlsPmS11g', '00', 12, 6, 0, NULL, '2020-06-17 07:32:14', '2020-06-17 07:32:14'),
('Nc576pt1z3AKI1PeIxQt', 'LxceOC7VLm27ml8SeNpq', 'm9Bgth2ILQle2nJo5Qzi', '00', 30000, 0, 0, NULL, '2020-06-17 09:33:34', '2020-06-17 09:33:34'),
('nFRI1Xuzn3hTw8jLdIJ2', 'S8BRuYh9IfHEqYLSdD4g', 'm9Bgth2ILQle2nJo5Qzi', '00', 30000, 0, 0, NULL, '2020-06-17 09:36:30', '2020-06-17 09:36:30'),
('NGRLFqu00WyNEEJkR2rS', 'r9DrfFKWcDfW1NmUTVUF', 'bX3NIa4JEuOvuurqk0Nh', '00', 2, 0, 9, NULL, '2020-06-18 06:19:41', '2020-06-18 06:19:41'),
('NHbPEIPfzpyD3c54Zt3I', 'ZcUk5vAhcQemcuJh23Zv', 'm9Bgth2ILQle2nJo5Qzi', '00', 30000, 0, 0, NULL, '2020-06-17 09:30:24', '2020-06-17 09:30:24'),
('nJHmBLp5RJbzmGFxme0n', 'o6maejsRbC2LfeQDSkX9', 'ZF6oDiJyafvgJbbTQOdT', '00', 0.01, 0, 0, NULL, '2020-06-18 04:53:28', '2020-06-18 04:53:28'),
('nJU4ULNzl62ABtmUgyaL', 'z67Yt61IBjwBQREycwFG', 'QTwS5uidRRmwlsPmS11g', '00', 12, 6, 0, NULL, '2020-06-17 08:00:57', '2020-06-17 08:00:57'),
('NjUUbYvLJ7cE9z7NjNql', 'yuaeuYOxRD5HBebuFJ0F', 'QTwS5uidRRmwlsPmS11g', '00', 12, 6, 0, NULL, '2020-06-17 08:00:16', '2020-06-17 08:00:16'),
('NNHVs7mPUT12B30JoOj7', 'ZnC41UgCZ4dMBbXpssas', 'QTwS5uidRRmwlsPmS11g', '00', 12, 6, 0, NULL, '2020-06-17 08:52:58', '2020-06-17 08:52:58'),
('NnnWVTcuRtJqbG0x1uQd', 'CcdV4R9unn9bxzS7mEON', 'm9Bgth2ILQle2nJo5Qzi', '00', 30000, 0, 0, NULL, '2020-06-17 09:17:11', '2020-06-17 09:17:11'),
('nSi6Fo1ctQIM8PjSE77U', 'zvGAZ5IBqoWmwD6Y5aTe', 'ZF6oDiJyafvgJbbTQOdT', '00', 0.01, 0, 0, NULL, '2020-06-18 04:54:29', '2020-06-18 04:54:29'),
('ntMZ1ouBGJBq7G0zP8zu', 'uSkBwZpxLK2OwvhEIU8y', 'dIYhGDk2xMZyJeXFftmp', '00', 0.02, 0, 8, NULL, '2020-06-18 06:13:51', '2020-06-18 06:13:51'),
('o0QYFzpsQnlnD6a2Pb3Z', 'o6maejsRbC2LfeQDSkX9', 'bX3NIa4JEuOvuurqk0Nh', '00', 2, 0, 8, NULL, '2020-06-18 04:53:28', '2020-06-18 04:53:28'),
('O4JGBhT1fmI732zQb4Be', 'Epbg8fSUzUibglFMb4QK', 'QTwS5uidRRmwlsPmS11g', '00', 12, 6, 0, NULL, '2020-06-17 08:33:43', '2020-06-17 08:33:43'),
('o8AYSv0Jvji5D1Ka1G8R', 'AFRMWMrAgzjs9LxSZFO7', 'G1s0xtVYDjAIulIzEIdH', '00', 20, 0, 4, NULL, '2020-06-18 04:56:10', '2020-06-18 04:56:10'),
('oakyZkmmp6qf8G5g5DOM', 'AFRMWMrAgzjs9LxSZFO7', 'ZN2B2YjFgnFjyp1g4BRy', '00', 2500, 0, 2, NULL, '2020-06-18 04:56:10', '2020-06-18 04:56:10'),
('oDE4pfipQkTNUwVftxq7', 'zvGAZ5IBqoWmwD6Y5aTe', 'zKVR9DisBXFATy4HtBMv', '00', 0.5, 0, 11, NULL, '2020-06-18 04:54:29', '2020-06-18 04:54:29'),
('ODGw3C8VCNPY2BqJljQf', 'ttvTETwnRYj0d4hkAKsE', 'QTwS5uidRRmwlsPmS11g', '00', 12, 6, 0, NULL, '2020-06-17 08:02:34', '2020-06-17 08:02:34'),
('Og9IDu2Y6uchTuaq4lr9', '1PxWtHLrQxDMl2Mzj1F0', 'QTwS5uidRRmwlsPmS11g', '00', 12, 6, 0, NULL, '2020-06-17 07:03:54', '2020-06-17 07:03:54'),
('OJhhIBV3feUYxHoOjEiI', 'eS5MqrF289Dacqh1zz0N', 'QTwS5uidRRmwlsPmS11g', '00', 12, 6, 0, NULL, '2020-06-17 07:45:18', '2020-06-17 07:45:18'),
('OMiYmQAg6iar2mDyXe33', 'GEAd34k875DRV18gtT6Z', 'zKVR9DisBXFATy4HtBMv', '00', 0.5, 0, 11, NULL, '2020-06-18 06:24:58', '2020-06-18 06:24:58'),
('OOKQRkNrhTG6uKJ74b7t', 'KeOa4S73PyqgzJVzq2jt', 'y1Cm4IWOOTgDBPkSnmWi', '00', 0.1, 0, 3, NULL, '2020-06-18 06:22:22', '2020-06-18 06:22:22'),
('OpfD9RE2XF6Myd8WsfOX', 'AFRMWMrAgzjs9LxSZFO7', 'UMuJlXJNv1Z9l5rqt7wa', '00', 0.5, 0, 5, NULL, '2020-06-18 04:56:10', '2020-06-18 04:56:10'),
('oPGRqlnY3YUyKmalOu72', 'zvGAZ5IBqoWmwD6Y5aTe', 'wpMTAZLKUmYHFbZ6oRwy', '00', 0.3, 0, 7, NULL, '2020-06-18 04:54:29', '2020-06-18 04:54:29'),
('ouoNMRShZTZNvwjRPp3n', 'CKVnUFPXgboigLWcA7ub', 'UMuJlXJNv1Z9l5rqt7wa', '00', 0.5, 0, 5, NULL, '2020-06-18 06:23:38', '2020-06-18 06:23:38'),
('OUVcvNgLrNbSDMLYLVX4', 'KeOa4S73PyqgzJVzq2jt', 'Wq7CFl3Hjl3Y4EX9xMfL', '00', 0.005, 0, 1, NULL, '2020-06-18 06:22:22', '2020-06-18 06:22:22'),
('OynQcQIsOLspzIHNrOwh', 'uSkBwZpxLK2OwvhEIU8y', 'ZN2B2YjFgnFjyp1g4BRy', '00', 2500, 0, 2, NULL, '2020-06-18 06:13:51', '2020-06-18 06:13:51'),
('p0rElTo4BeByajyJOBId', 'GEAd34k875DRV18gtT6Z', 'G1s0xtVYDjAIulIzEIdH', '00', 20, 0, 4, NULL, '2020-06-18 06:24:58', '2020-06-18 06:24:58'),
('p4pH6WKHoIHVJVsVPdOU', 'qpehG7T6muTFPzGXYB2c', 'm9Bgth2ILQle2nJo5Qzi', '00', 30000, 0, 0, NULL, '2020-06-17 09:37:57', '2020-06-17 09:37:57'),
('pCBBtQ2GcCB7QxttQlNl', 'q01JCtskqUKmzRBSJu6l', 'QTwS5uidRRmwlsPmS11g', '00', 12, 6, 0, NULL, '2020-06-17 08:31:46', '2020-06-17 08:31:46'),
('PD1TySfePvpVRV47fBbz', 'KeOa4S73PyqgzJVzq2jt', 'UMuJlXJNv1Z9l5rqt7wa', '00', 0.5, 0, 5, NULL, '2020-06-18 06:22:22', '2020-06-18 06:22:22'),
('Pitw5Z0lQV4Wxv7X5q1C', 'KDmfLwognwR5yXFZGKaZ', 'QTwS5uidRRmwlsPmS11g', '00', 12, 6, 0, NULL, '2020-06-17 07:51:23', '2020-06-17 07:51:23'),
('PKqbzQVdd7FnZzJHxWKL', 'jt9FWP1UFDKqSxLFuLWw', 'ZF6oDiJyafvgJbbTQOdT', '00', 0.01, 0, 0, NULL, '2020-06-18 04:52:00', '2020-06-18 04:52:00'),
('pWKVas46DrJ2p1rn2k8f', 'N600tQs36xtZ1Huf09FT', 'm9Bgth2ILQle2nJo5Qzi', '00', 30000, 0, 0, NULL, '2020-06-17 09:40:42', '2020-06-17 09:40:42'),
('pYGspyaou0SLVUOsNB0U', 'djgH31ObvGPdFRmGwkTl', 'm9Bgth2ILQle2nJo5Qzi', '00', 30000, 0, 0, NULL, '2020-06-17 09:12:46', '2020-06-17 09:12:46'),
('q1foZAqa9nDMjvsndVPA', 'ii6QMQ0RFrmM76M4eZ9E', 'm9Bgth2ILQle2nJo5Qzi', '00', 30000, 0, 0, NULL, '2020-06-17 09:05:54', '2020-06-17 09:05:54'),
('q7sNbO88o5lHjKnSuwQ4', 'v784z8vHUADWpY0dSwRo', 'm9Bgth2ILQle2nJo5Qzi', '00', 30000, 0, 0, NULL, '2020-06-17 09:09:43', '2020-06-17 09:09:43'),
('QPLWldv1c0bVebCaTkwp', 'r9DrfFKWcDfW1NmUTVUF', 'QTwS5uidRRmwlsPmS11g', '00', 8.5, 6, 11, NULL, '2020-06-18 06:19:41', '2020-06-18 06:19:41'),
('QXsOQbiryN6bXPwplxsa', 'r9DrfFKWcDfW1NmUTVUF', 'UMuJlXJNv1Z9l5rqt7wa', '00', 0.5, 0, 5, NULL, '2020-06-18 06:19:41', '2020-06-18 06:19:41'),
('qyIW7d7EsgsN6YXPIIz6', 'AFRMWMrAgzjs9LxSZFO7', 'QTwS5uidRRmwlsPmS11g', '00', 8.5, 6, 9, NULL, '2020-06-18 04:56:10', '2020-06-18 04:56:10'),
('R3M6jhBnXG5Rn9uEhur6', 'nKnjw3C23b9G0om0tBrU', 'QTwS5uidRRmwlsPmS11g', '00', 12, 6, 0, NULL, '2020-06-17 07:33:26', '2020-06-17 07:33:26'),
('ra8AWtnbFdI5HEDSUR84', 'GEAd34k875DRV18gtT6Z', 'y1Cm4IWOOTgDBPkSnmWi', '00', 0.1, 0, 3, NULL, '2020-06-18 06:24:58', '2020-06-18 06:24:58'),
('ReYmTuPskKcNNwoMhNBv', 'CKVnUFPXgboigLWcA7ub', 'zKVR9DisBXFATy4HtBMv', '00', 0.5, 0, 11, NULL, '2020-06-18 06:23:38', '2020-06-18 06:23:38'),
('rrCvOrVTZ3J5WgrN3WI9', 'uSkBwZpxLK2OwvhEIU8y', 'QTwS5uidRRmwlsPmS11g', '00', 8.5, 6, 9, NULL, '2020-06-18 06:13:51', '2020-06-18 06:13:51'),
('RTo6E9TYJRoozPrW0W1P', 'YY4NfyzNBQIxSuVrEbew', 'dIYhGDk2xMZyJeXFftmp', '00', 0.02, 0, 8, NULL, '2020-06-18 06:18:23', '2020-06-18 06:18:23'),
('rwMURSnzNOrwW9lrN2RM', 'YQIkCG8HjOT6VroxpXNB', 'y1Cm4IWOOTgDBPkSnmWi', '00', 0.1, 0, 5, NULL, '2020-06-18 04:47:28', '2020-06-18 04:47:28'),
('ryx5M6a7xylLXO2RbEP2', '3tahyTlFnAf0bt8FQ4cB', 'G1s0xtVYDjAIulIzEIdH', '00', 20, 0, 10, NULL, '2020-06-18 04:44:42', '2020-06-18 04:44:42'),
('rZV4g0kTfCZGt7AdGqBV', 'YY4NfyzNBQIxSuVrEbew', 'ZF6oDiJyafvgJbbTQOdT', '00', 0.01, 0, 0, NULL, '2020-06-18 06:18:23', '2020-06-18 06:18:23'),
('S3l5VphnFkkCWrbOljRc', 'Sk2hSAY2ycAqrPEGcLIL', 'bX3NIa4JEuOvuurqk0Nh', '00', 2, 0, 7, NULL, '2020-06-18 04:50:55', '2020-06-18 04:50:55'),
('s4rskArJP3QyxvSNSmYs', 'r9DrfFKWcDfW1NmUTVUF', 'zKVR9DisBXFATy4HtBMv', '00', 0.5, 0, 8, NULL, '2020-06-18 06:19:41', '2020-06-18 06:19:41'),
('sdISUVAaIWGG7EWIpITv', 'WHR9AUFT2O40DQp3hbIm', 'QTwS5uidRRmwlsPmS11g', '00', 12, 6, 0, NULL, '2020-06-17 08:36:22', '2020-06-17 08:36:22'),
('Sl7qkhWkK9kEsKEQGgM2', 'r9DrfFKWcDfW1NmUTVUF', 'dIYhGDk2xMZyJeXFftmp', '00', 0.02, 0, 10, NULL, '2020-06-18 06:19:41', '2020-06-18 06:19:41'),
('SMxvPTE3hsOOLJoXvek1', 'vYzFwtP7zZnAi4OWQF2B', 'QTwS5uidRRmwlsPmS11g', '00', 12, 6, 0, NULL, '2020-06-17 08:38:13', '2020-06-17 08:38:13'),
('szlgFbMLjzKqn07O61Gs', 'YQIkCG8HjOT6VroxpXNB', 'dIYhGDk2xMZyJeXFftmp', '00', 0.02, 0, 6, NULL, '2020-06-18 04:47:28', '2020-06-18 04:47:28'),
('SZpOok72eTxEESiLzMv7', 'ipj3S51iUwgbHi4UM4vg', 'QTwS5uidRRmwlsPmS11g', '00', 12, 6, 0, NULL, '2020-06-17 08:30:43', '2020-06-17 08:30:43'),
('sZRTRQ1qp1GrCUqgymQC', 'DAeKK34gX3ULaMUAHxdr', 'QTwS5uidRRmwlsPmS11g', '00', 12, 6, 0, NULL, '2020-06-17 08:39:53', '2020-06-17 08:39:53'),
('t2tQY4Np8RhL53ux8VBf', 'r9DrfFKWcDfW1NmUTVUF', 'G1s0xtVYDjAIulIzEIdH', '00', 20, 0, 4, NULL, '2020-06-18 06:19:41', '2020-06-18 06:19:41'),
('T4xmf4B7E0G7J5CnQWfZ', 'o6maejsRbC2LfeQDSkX9', 'dIYhGDk2xMZyJeXFftmp', '00', 0.02, 0, 9, NULL, '2020-06-18 04:53:28', '2020-06-18 04:53:28'),
('TA1dDRpy9X4fqUC7kUMD', 'uSkBwZpxLK2OwvhEIU8y', '1GW2K4hZhfaaMeHQMJqA', '00', 0.1, 0, 6, NULL, '2020-06-18 06:13:51', '2020-06-18 06:13:51'),
('thcdjL64xvnFV8tATJoA', 'c85tvmxikogSKNalxRqV', 'QTwS5uidRRmwlsPmS11g', '00', 12, 6, 0, NULL, '2020-06-17 07:47:31', '2020-06-17 07:47:31'),
('TP1vTttj1P7dEMTkZvY6', 'fdP06ngaENLJeYlFRp9F', 'QTwS5uidRRmwlsPmS11g', '00', 12, 6, 0, NULL, '2020-06-17 07:12:31', '2020-06-17 07:12:31'),
('tR5xu8UNzjZle5KNJDha', 'zvGAZ5IBqoWmwD6Y5aTe', 'dIYhGDk2xMZyJeXFftmp', '00', 0.02, 0, 9, NULL, '2020-06-18 04:54:29', '2020-06-18 04:54:29'),
('U1dAgKzp3UzFDNPo1p3h', 'r9DrfFKWcDfW1NmUTVUF', 'Wq7CFl3Hjl3Y4EX9xMfL', '00', 0.005, 0, 1, NULL, '2020-06-18 06:19:41', '2020-06-18 06:19:41'),
('U4M0hPOwfg3ms3CAmx19', 'ha8nnO4zDyMnr7TKX9KF', 'm9Bgth2ILQle2nJo5Qzi', '00', 30000, 0, 0, NULL, '2020-06-17 09:34:18', '2020-06-17 09:34:18'),
('uezHklrO6ufHKt8Ri5ot', 'KeOa4S73PyqgzJVzq2jt', 'QTwS5uidRRmwlsPmS11g', '00', 8.5, 6, 10, NULL, '2020-06-18 06:22:22', '2020-06-18 06:22:22'),
('UR9Iotyl5woiDlBjrM9X', 'h15wsOBYtZUcKvcHX3e5', 'm9Bgth2ILQle2nJo5Qzi', '00', 30000, 0, 0, NULL, '2020-06-17 09:26:48', '2020-06-17 09:26:48'),
('V2FYyS1GRtnEtPowiu5V', 'GEAd34k875DRV18gtT6Z', 'UMuJlXJNv1Z9l5rqt7wa', '00', 0.5, 0, 5, NULL, '2020-06-18 06:24:58', '2020-06-18 06:24:58'),
('v76VX9Q0AmElQR9KQSlq', 'CKVnUFPXgboigLWcA7ub', 'y1Cm4IWOOTgDBPkSnmWi', '00', 0.1, 0, 3, NULL, '2020-06-18 06:23:38', '2020-06-18 06:23:38'),
('v8LanykeBuGBsTHp4nhn', 'Lv6JEroGIn7xBOJ5a2iH', 'QTwS5uidRRmwlsPmS11g', '00', 12, 6, 0, NULL, '2020-06-17 07:42:48', '2020-06-17 07:42:48'),
('VKNNIu5Qk2o08TrGSHYp', 'uSkBwZpxLK2OwvhEIU8y', 'bX3NIa4JEuOvuurqk0Nh', '00', 2, 0, 7, NULL, '2020-06-18 06:13:51', '2020-06-18 06:13:51'),
('VNs2giQLN9bMQD56xA7S', '3tahyTlFnAf0bt8FQ4cB', 'dIYhGDk2xMZyJeXFftmp', '00', 0.02, 0, 6, NULL, '2020-06-18 04:44:42', '2020-06-18 04:44:42'),
('VuN6XzzPU0oW1GV443VY', 'o6maejsRbC2LfeQDSkX9', 'zKVR9DisBXFATy4HtBMv', '00', 0.5, 0, 11, NULL, '2020-06-18 04:53:28', '2020-06-18 04:53:28'),
('vwMQ6xdX0zFI7MqqtP2m', 'GEAd34k875DRV18gtT6Z', 'Wq7CFl3Hjl3Y4EX9xMfL', '00', 0.005, 0, 1, NULL, '2020-06-18 06:24:58', '2020-06-18 06:24:58'),
('Vz9KAakp5SggqXOOG31N', '7GUz8SWehus5LGqnp9JB', 'QTwS5uidRRmwlsPmS11g', '00', 12, 6, 0, NULL, '2020-06-17 07:57:43', '2020-06-17 07:57:43'),
('w2HfBHknuhkogSZRNfEx', 'Sk2hSAY2ycAqrPEGcLIL', 'zKVR9DisBXFATy4HtBMv', '00', 0.5, 0, 4, NULL, '2020-06-18 04:50:55', '2020-06-18 04:50:55'),
('wCoQcC1aLgRX0EN5CF5Y', 'SmVp0Hx6gm4a0VV4A434', 'm9Bgth2ILQle2nJo5Qzi', '00', 30000, 0, 0, NULL, '2020-06-17 09:31:37', '2020-06-17 09:31:37'),
('wdJAfwR3jVpababPDAU3', 'FRxAjpZ3mb90q1eUK9am', 'QTwS5uidRRmwlsPmS11g', '00', 12, 6, 0, NULL, '2020-06-17 07:59:25', '2020-06-17 07:59:25'),
('wN3GRXIWGQ1PtqlPzc6X', 'r9DrfFKWcDfW1NmUTVUF', 'wpMTAZLKUmYHFbZ6oRwy', '00', 0.3, 0, 7, NULL, '2020-06-18 06:19:41', '2020-06-18 06:19:41'),
('Woq4L1Qhydjz53n1M6mR', 'r9DrfFKWcDfW1NmUTVUF', '1GW2K4hZhfaaMeHQMJqA', '00', 0.1, 0, 6, NULL, '2020-06-18 06:19:41', '2020-06-18 06:19:41'),
('wS6V8ye6Tgy53mCEEcpR', 'YXRkGP4oR1zHncEZ03nj', 'QTwS5uidRRmwlsPmS11g', '00', 12, 6, 0, NULL, '2020-06-17 08:39:10', '2020-06-17 08:39:10'),
('WubmfWNwDWpzFmXfSEzu', 'AFRMWMrAgzjs9LxSZFO7', 'dIYhGDk2xMZyJeXFftmp', '00', 0.02, 0, 10, NULL, '2020-06-18 04:56:10', '2020-06-18 04:56:10'),
('xetCY6KywrKyFnW1KDhe', 'KeOa4S73PyqgzJVzq2jt', 'zKVR9DisBXFATy4HtBMv', '00', 0.5, 0, 11, NULL, '2020-06-18 06:22:22', '2020-06-18 06:22:22'),
('xiLZJZqmgyNmcmzr550S', 'Sk2hSAY2ycAqrPEGcLIL', 'ZF6oDiJyafvgJbbTQOdT', '00', 0.01, 0, 0, NULL, '2020-06-18 04:50:55', '2020-06-18 04:50:55'),
('xpBgoqUcKTxtyKdb8qXQ', 'nNzojJtAEvcRMRaL3O0z', 'QTwS5uidRRmwlsPmS11g', '00', 12, 6, 0, NULL, '2020-06-17 08:25:35', '2020-06-17 08:25:35'),
('xphRmpRxnmXTn6F1vSm2', 'uSkBwZpxLK2OwvhEIU8y', 'G1s0xtVYDjAIulIzEIdH', '00', 20, 0, 4, NULL, '2020-06-18 06:13:51', '2020-06-18 06:13:51'),
('xpYt8NEWByipb7rHvIAT', 'YQIkCG8HjOT6VroxpXNB', 'bX3NIa4JEuOvuurqk0Nh', '00', 2, 0, 1, NULL, '2020-06-18 04:47:28', '2020-06-18 04:47:28'),
('Y5DkmVCihtWiOlOn7u7s', '3tahyTlFnAf0bt8FQ4cB', 'Wq7CFl3Hjl3Y4EX9xMfL', '00', 0.005, 0, 7, NULL, '2020-06-18 04:44:42', '2020-06-18 04:44:42'),
('Y69gxLTU9kUoxIqeDT9I', 'zvGAZ5IBqoWmwD6Y5aTe', 'QTwS5uidRRmwlsPmS11g', '00', 8.5, 6, 10, NULL, '2020-06-18 04:54:29', '2020-06-18 04:54:29'),
('yaB7nlFRPXXFEldK1Plh', 'r28990LNFRFOFg2MU0OZ', 'QTwS5uidRRmwlsPmS11g', '00', 12, 6, 0, NULL, '2020-06-17 08:53:39', '2020-06-17 08:53:39'),
('YD5v984NMFQffHubB7Vc', 'o6maejsRbC2LfeQDSkX9', 'UMuJlXJNv1Z9l5rqt7wa', '00', 0.5, 0, 5, NULL, '2020-06-18 04:53:28', '2020-06-18 04:53:28'),
('yfDU9HBGBRIK2k2ValZN', 'AFRMWMrAgzjs9LxSZFO7', 'Wq7CFl3Hjl3Y4EX9xMfL', '00', 0.005, 0, 1, NULL, '2020-06-18 04:56:10', '2020-06-18 04:56:10'),
('ygaB8z28Sbxtgakc51TQ', 'YQIkCG8HjOT6VroxpXNB', 'ZF6oDiJyafvgJbbTQOdT', '00', 0.01, 0, 9, NULL, '2020-06-18 04:47:28', '2020-06-18 04:47:28'),
('YMK1gK4hOnooHw8GFpXB', 'X8UVVTfljuu7ullutlEp', 'QTwS5uidRRmwlsPmS11g', '00', 12, 6, 0, NULL, '2020-06-17 07:52:09', '2020-06-17 07:52:09'),
('YoUcuU0NvQKml1k6tZwF', 'YQIkCG8HjOT6VroxpXNB', 'wpMTAZLKUmYHFbZ6oRwy', '00', 0.3, 0, 2, NULL, '2020-06-18 04:47:28', '2020-06-18 04:47:28'),
('yVqB9iHC0k3oQoYu1O72', '1N5Ha0vM66maSMy3RbnD', 'm9Bgth2ILQle2nJo5Qzi', '00', 30000, 0, 0, NULL, '2020-06-17 09:21:18', '2020-06-17 09:21:18'),
('zfBF7KOqiAFk04HpLhse', 'jWO61oEhiZ74PglqC5wZ', 'QTwS5uidRRmwlsPmS11g', '00', 12, 6, 0, NULL, '2020-06-17 07:07:57', '2020-06-17 07:07:57'),
('ZGRB75o2aBAkQkZLMwki', 'CKVnUFPXgboigLWcA7ub', 'Wq7CFl3Hjl3Y4EX9xMfL', '00', 0.005, 0, 1, NULL, '2020-06-18 06:23:38', '2020-06-18 06:23:38'),
('ZkHrCtqz36QUN2SrVZrk', 'fE08CKHVVoDdEvBjpaoD', 'QTwS5uidRRmwlsPmS11g', '00', 12, 6, 0, NULL, '2020-06-17 07:07:03', '2020-06-17 07:07:03'),
('zl9V24EbuLXsVfFufgsw', 'nSzb9JP7Awn2OpcI0Mca', 'm9Bgth2ILQle2nJo5Qzi', '00', 30000, 0, 0, NULL, '2020-06-17 09:39:54', '2020-06-17 09:39:54'),
('ZNsbXkr0bZPQYYy7jaoU', 'v2uV7JhtRI8X5fMOn0UE', 'm9Bgth2ILQle2nJo5Qzi', '00', 30000, 0, 0, NULL, '2020-06-17 09:08:51', '2020-06-17 09:08:51'),
('ZzGjR9lagtG3yjyfAcsj', 'Sk2hSAY2ycAqrPEGcLIL', 'ZN2B2YjFgnFjyp1g4BRy', '00', 2500, 0, 2, NULL, '2020-06-18 04:50:55', '2020-06-18 04:50:55');

INSERT INTO `manager_station` (`id`, `managerId`, `stationId`, `orderStation`, `createdAt`, `updatedAt`) VALUES
('06elOii3Hvf8cT2zd6D1', 'hlWl0fKzSMAQTyKXsRM5', 'owyiJTM1Nb9aCt9brV4T', 29, '2020-06-17 07:34:56', '2020-06-17 07:34:56'),
('0cKFYjSUvRGyjJ1k9VmM', 'hlWl0fKzSMAQTyKXsRM5', 'aSRuDNCG3BiubH3Zyi4d', 94, '2020-06-17 09:18:19', '2020-06-17 09:18:19'),
('0CXdfNmBNxgB5Eiwdebd', 'eYalbMK7hA9LuufWeLcK', 'uSkBwZpxLK2OwvhEIU8y', 5, '2020-06-17 06:24:33', '2020-06-17 06:24:33'),
('0y5cG2PHHwrxLHJvHJtu', 'hlWl0fKzSMAQTyKXsRM5', 'AqUmQSW2jMKfcUTPfyIH', 11, '2020-06-17 06:37:07', '2020-06-17 06:37:07'),
('1DhHuScJUpGqhtcLc6Ut', 'hlWl0fKzSMAQTyKXsRM5', '8gXheEMVfXDBvWxB4t6M', 56, '2020-06-17 08:26:19', '2020-06-17 08:26:19'),
('1HvNhGE3CprpqxE2PSoa', 'eYalbMK7hA9LuufWeLcK', 'genc0sk8aqRsVlhIcU7G', 106, '2020-06-17 09:32:58', '2020-06-17 09:32:58'),
('1oWdEHzldNBq1DG3rKwR', 'eYalbMK7hA9LuufWeLcK', 'SutlVDrfC3l2UHv6TIay', 36, '2020-06-17 07:45:58', '2020-06-17 07:45:58'),
('2bK19x55NNY7tutf9Vjm', 'eYalbMK7hA9LuufWeLcK', 'X8UVVTfljuu7ullutlEp', 41, '2020-06-17 07:52:10', '2020-06-17 07:52:10'),
('2eilhtuYlD2Ux0R2GAwE', 'hlWl0fKzSMAQTyKXsRM5', 'fTUCucWPw5zYWkel2qmT', 32, '2020-06-17 07:39:47', '2020-06-17 07:39:47'),
('2YEAcGoImPpFZsLik7Dh', 'eYalbMK7hA9LuufWeLcK', '1N5Ha0vM66maSMy3RbnD', 95, '2020-06-17 09:21:19', '2020-06-17 09:21:19'),
('33BIoYIf8nJrLUFyQoXN', 'eYalbMK7hA9LuufWeLcK', 'TQyrEfK0emPKskdgIxDT', 24, '2020-06-17 07:27:52', '2020-06-17 07:27:52'),
('36xoWp5IrFDvS2xkXVVA', 'hlWl0fKzSMAQTyKXsRM5', 'q01JCtskqUKmzRBSJu6l', 63, '2020-06-17 08:31:47', '2020-06-17 08:31:47'),
('3Bj2rsk7gr7pOkYVnsi8', 'hlWl0fKzSMAQTyKXsRM5', '3dbPXKJcBQxTgK5XKHPb', 66, '2020-06-17 08:34:50', '2020-06-17 08:34:50'),
('4aPoGIpxVgT4KfoA2yP1', 'hlWl0fKzSMAQTyKXsRM5', '73SywWduuD95etjlWnHa', 51, '2020-06-17 08:19:35', '2020-06-17 08:19:35'),
('4cxWoUt4tlDLNR11whT9', 'eYalbMK7hA9LuufWeLcK', 'dTSWKPXamDDcXBtnFOey', 27, '2020-06-17 07:32:14', '2020-06-17 07:32:14'),
('4kk9R9tawY7jB4MZkW1D', 'hlWl0fKzSMAQTyKXsRM5', 'Fhu1ga8rq22atJyCH8WU', 16, '2020-06-17 07:06:07', '2020-06-17 07:06:07'),
('5BoCF9hlYjztzYFW164x', 'hlWl0fKzSMAQTyKXsRM5', '9wddtw6aX9Nz9DS95cuZ', 114, '2020-06-17 09:39:08', '2020-06-17 09:39:08'),
('5DFC8XoQaz8Izd3WGMxG', 'eYalbMK7hA9LuufWeLcK', 'RG87oYqmXoySNC5oVZSM', 67, '2020-06-17 08:35:30', '2020-06-17 08:35:30'),
('5Isq0fhkLy4w9VXCQEze', 'eYalbMK7hA9LuufWeLcK', 'jV4Y78gfkmZysTWAnuSy', 19, '2020-06-17 07:08:50', '2020-06-17 07:08:50'),
('5KAvthI14qU0fVH7hgJt', 'eYalbMK7hA9LuufWeLcK', 'ttvTETwnRYj0d4hkAKsE', 49, '2020-06-17 08:02:34', '2020-06-17 08:02:34'),
('5OheJZmBSIUdcLDKnD68', 'hlWl0fKzSMAQTyKXsRM5', 'hKI8vWNWBCGssPfh6Sks', 75, '2020-06-17 08:42:01', '2020-06-17 08:42:01'),
('69TYM617xzLbwcvukQmM', 'hlWl0fKzSMAQTyKXsRM5', 'FfKKU60LlL4dsACRiat0', 37, '2020-06-17 07:46:53', '2020-06-17 07:46:53'),
('6I6ncqlUDIFFp9jhkM84', 'hlWl0fKzSMAQTyKXsRM5', 'fdP06ngaENLJeYlFRp9F', 23, '2020-06-17 07:12:32', '2020-06-17 07:12:32'),
('6Z7kRmGw7MfA423yBtAR', 'eYalbMK7hA9LuufWeLcK', 'Sk2hSAY2ycAqrPEGcLIL', 4, '2020-06-17 06:23:26', '2020-06-17 06:23:26'),
('75GgYnJ3yWPZiRHLF7mj', 'eYalbMK7hA9LuufWeLcK', 'noNzK2ASNUXUfPBBV2Vp', 91, '2020-06-17 09:15:48', '2020-06-17 09:15:48'),
('7mclkJ5tc17ubSVnWG22', 'hlWl0fKzSMAQTyKXsRM5', '12oW7QyadUlNv0BEplzD', 44, '2020-06-17 07:58:42', '2020-06-17 07:58:42'),
('7zx0yGKryASDgQWq398r', 'hlWl0fKzSMAQTyKXsRM5', 'nSzb9JP7Awn2OpcI0Mca', 115, '2020-06-17 09:39:54', '2020-06-17 09:39:54'),
('81KtxwDvbyrrxUnT0vce', 'hlWl0fKzSMAQTyKXsRM5', 'ii6QMQ0RFrmM76M4eZ9E', 82, '2020-06-17 09:05:54', '2020-06-17 09:05:54'),
('8F0MWHxycj1XYwhdgNDC', 'eYalbMK7hA9LuufWeLcK', 'kBawgwU9HnKvlyQ7xkPF', 30, '2020-06-17 07:36:07', '2020-06-17 07:36:07'),
('8lQl2P8TaHVXgNPaqtfv', 'eYalbMK7hA9LuufWeLcK', 'z67Yt61IBjwBQREycwFG', 47, '2020-06-17 08:00:58', '2020-06-17 08:00:58'),
('8WLs9ZIkpHcacltiJFVp', 'eYalbMK7hA9LuufWeLcK', '0TuGDJ87N1rSLKnwJeY6', 21, '2020-06-17 07:10:58', '2020-06-17 07:10:58'),
('9836KA1bgLUHDh7t0Wbt', 'eYalbMK7hA9LuufWeLcK', 'j66W9oTAsVgLP72m4Wtv', 64, '2020-06-17 08:32:52', '2020-06-17 08:32:52'),
('9VrUUNK8DKkLPK1sWbfg', 'hlWl0fKzSMAQTyKXsRM5', 't8jnU24FbqRabnYuPMz8', 26, '2020-06-17 07:30:57', '2020-06-17 07:30:57'),
('9YPz8aG6yvkr9pQQTP3Z', 'hlWl0fKzSMAQTyKXsRM5', 'j66W9oTAsVgLP72m4Wtv', 64, '2020-06-17 08:32:51', '2020-06-17 08:32:51'),
('A24BWg0NqMnViMxunwAK', 'eYalbMK7hA9LuufWeLcK', 'jWO61oEhiZ74PglqC5wZ', 18, '2020-06-17 07:07:57', '2020-06-17 07:07:57'),
('A6EX1379hy0oDOij6J3p', 'hlWl0fKzSMAQTyKXsRM5', 'UQXjKtAmy9nRuGgZjSzd', 54, '2020-06-17 08:23:29', '2020-06-17 08:23:29'),
('a9VpGOasHBetiAbBb7Ir', 'eYalbMK7hA9LuufWeLcK', 'godSZzPlx6pXbrXDztlM', 33, '2020-06-17 07:40:52', '2020-06-17 07:40:52'),
('aafOqXWsQrzXfOY4XUxG', 'eYalbMK7hA9LuufWeLcK', 'HOJFVXUBHCdRriSr2aMj', 20, '2020-06-17 07:09:43', '2020-06-17 07:09:43'),
('aecz8ZDIR8NwMc680LO0', 'hlWl0fKzSMAQTyKXsRM5', 'ipj3S51iUwgbHi4UM4vg', 62, '2020-06-17 08:30:43', '2020-06-17 08:30:43'),
('AkkZWgUq1wtTsACoBwZe', 'hlWl0fKzSMAQTyKXsRM5', 'zvGAZ5IBqoWmwD6Y5aTe', 14, '2020-06-17 06:41:03', '2020-06-17 06:41:03'),
('AkMEAJLsV2qxO9dp23AD', 'eYalbMK7hA9LuufWeLcK', 'hKI8vWNWBCGssPfh6Sks', 75, '2020-06-17 08:42:01', '2020-06-17 08:42:01'),
('AkZPWI0sqDY0qdx9H70p', 'hlWl0fKzSMAQTyKXsRM5', 'v784z8vHUADWpY0dSwRo', 85, '2020-06-17 09:09:43', '2020-06-17 09:09:43'),
('ALk0lHaBWZnpRSg6Pqur', 'eYalbMK7hA9LuufWeLcK', '7GUz8SWehus5LGqnp9JB', 43, '2020-06-17 07:57:43', '2020-06-17 07:57:43'),
('anLdW4WNgDLRMtyZehMZ', 'eYalbMK7hA9LuufWeLcK', 'ha8nnO4zDyMnr7TKX9KF', 108, '2020-06-17 09:34:18', '2020-06-17 09:34:18'),
('aPwKl5eogy1ZaepBrgco', 'hlWl0fKzSMAQTyKXsRM5', 'o6maejsRbC2LfeQDSkX9', 10, '2020-06-17 06:35:55', '2020-06-17 06:35:55'),
('aPwrCZpgqX1Zm3WkMC40', 'eYalbMK7hA9LuufWeLcK', 'VufjyCZGNQiObj8mRcHb', 50, '2020-06-17 08:03:30', '2020-06-17 08:03:30'),
('aVUUGyYeq6vf4WBd9ZGx', 'eYalbMK7hA9LuufWeLcK', 'u5FxGvwKB6ugaaoU1HdQ', 99, '2020-06-17 09:25:44', '2020-06-17 09:25:44'),
('AW1kMUAne1YoHtm9u3gM', 'eYalbMK7hA9LuufWeLcK', 'Rkg0qHG45WtHhjxOPyFD', 77, '2020-06-17 08:43:43', '2020-06-17 08:43:43'),
('b6DT0665mjSHc03s4jJN', 'eYalbMK7hA9LuufWeLcK', '72bngBGrXMlIqUEtbfLn', 73, '2020-06-17 08:40:29', '2020-06-17 08:40:29'),
('BAo8EejpXEu1I2oEsiKt', 'hlWl0fKzSMAQTyKXsRM5', 'yuaeuYOxRD5HBebuFJ0F', 46, '2020-06-17 08:00:16', '2020-06-17 08:00:16'),
('BEdhaGDTHmldCULZPuLZ', 'hlWl0fKzSMAQTyKXsRM5', 'HOJFVXUBHCdRriSr2aMj', 20, '2020-06-17 07:09:43', '2020-06-17 07:09:43'),
('BmKTcn9CyFMRkQZxtwH8', 'eYalbMK7hA9LuufWeLcK', '73SywWduuD95etjlWnHa', 51, '2020-06-17 08:19:35', '2020-06-17 08:19:35'),
('BNaQkJkb58546JnzFDCK', 'hlWl0fKzSMAQTyKXsRM5', 'O6qBJWMOYhCbceGCjjdD', 57, '2020-06-17 08:27:03', '2020-06-17 08:27:03'),
('BoL5Msc2bRZTgO1gSTYW', 'eYalbMK7hA9LuufWeLcK', 'yuaeuYOxRD5HBebuFJ0F', 46, '2020-06-17 08:00:16', '2020-06-17 08:00:16'),
('boUlIggYisldngYzeAYL', 'hlWl0fKzSMAQTyKXsRM5', 'AFRMWMrAgzjs9LxSZFO7', 1, '2020-06-17 04:00:56', '2020-06-17 04:00:56'),
('bP9Ei7PYwzGEKOEBbPkf', 'hlWl0fKzSMAQTyKXsRM5', 'KDmfLwognwR5yXFZGKaZ', 40, '2020-06-17 07:51:24', '2020-06-17 07:51:24'),
('bxOCZesk0l0XcBfpNSQF', 'hlWl0fKzSMAQTyKXsRM5', 'CcdV4R9unn9bxzS7mEON', 93, '2020-06-17 09:17:11', '2020-06-17 09:17:11'),
('C13BHJumansULmudp6oE', 'eYalbMK7hA9LuufWeLcK', 'K3iHp1dhYGNjQmwq1iCw', 90, '2020-06-17 09:15:06', '2020-06-17 09:15:06'),
('c3ddxsLTxDrdKvi3MruH', 'eYalbMK7hA9LuufWeLcK', 'S8BRuYh9IfHEqYLSdD4g', 111, '2020-06-17 09:36:30', '2020-06-17 09:36:30'),
('cCd8Xac9GotxtyDA963n', 'hlWl0fKzSMAQTyKXsRM5', 'YY4NfyzNBQIxSuVrEbew', 7, '2020-06-17 06:26:38', '2020-06-17 06:26:38'),
('CcSHblADJNEv5fXkjQtQ', 'eYalbMK7hA9LuufWeLcK', 'QFuXikRKJvQUieZWh53v', 97, '2020-06-17 09:22:57', '2020-06-17 09:22:57'),
('CMGW4mF4SKzw68seC6Av', 'eYalbMK7hA9LuufWeLcK', 'U0mdWsRt802k7EBKdXZR', 52, '2020-06-17 08:20:15', '2020-06-17 08:20:15'),
('cOCIQJmdbZYOinAFAmUK', 'hlWl0fKzSMAQTyKXsRM5', 'h15wsOBYtZUcKvcHX3e5', 100, '2020-06-17 09:26:48', '2020-06-17 09:26:48'),
('CPDZND7gdSUt32e2KDVz', 'hlWl0fKzSMAQTyKXsRM5', 'YXRkGP4oR1zHncEZ03nj', 71, '2020-06-17 08:39:11', '2020-06-17 08:39:11'),
('CqP98PoXbzXzNAEmX6w8', 'hlWl0fKzSMAQTyKXsRM5', 'XJmXUDywumyvqa1e4zcX', 103, '2020-06-17 09:29:35', '2020-06-17 09:29:35'),
('cYb0Lfd0NG3GsV0stppb', 'hlWl0fKzSMAQTyKXsRM5', 'vV070RWLfDYHdH1yLDRm', 109, '2020-06-17 09:35:01', '2020-06-17 09:35:01'),
('Dax0X188KZqmzSyCGxsH', 'hlWl0fKzSMAQTyKXsRM5', 'N0ps4I9XZgRDYLCclrWQ', 59, '2020-06-17 08:28:38', '2020-06-17 08:28:38'),
('dMuYnY6VFSwljSSxpRnw', 'eYalbMK7hA9LuufWeLcK', 'v784z8vHUADWpY0dSwRo', 85, '2020-06-17 09:09:43', '2020-06-17 09:09:43'),
('DPdFTVv7y1AHVHIFBdjS', 'eYalbMK7hA9LuufWeLcK', 'UUhEFofIGrdKBQVjoFNN', 98, '2020-06-17 09:24:14', '2020-06-17 09:24:14'),
('dQQ8u4KlsifhRaiEDGYT', 'eYalbMK7hA9LuufWeLcK', 'VV1PrAuoPtFg7z108cuz', 83, '2020-06-17 09:07:29', '2020-06-17 09:07:29'),
('dRxDAufNVPsv0yHyzhBJ', 'hlWl0fKzSMAQTyKXsRM5', 'VsiizJ8LbpXrfE1LUa1x', 92, '2020-06-17 09:16:30', '2020-06-17 09:16:30'),
('DtOueQepd7HGlMWofKjr', 'eYalbMK7hA9LuufWeLcK', 'WgueYcn35G4LA0jw7i9p', 86, '2020-06-17 09:10:19', '2020-06-17 09:10:19'),
('DTqHYlDAXBRaai1jt5wP', 'hlWl0fKzSMAQTyKXsRM5', 'u5FxGvwKB6ugaaoU1HdQ', 99, '2020-06-17 09:25:44', '2020-06-17 09:25:44'),
('E0vsyYySwdmmjbkka27z', 'eYalbMK7hA9LuufWeLcK', '12oW7QyadUlNv0BEplzD', 44, '2020-06-17 07:58:42', '2020-06-17 07:58:42'),
('e8HNWdmKBNOFSNRhpJHL', 'hlWl0fKzSMAQTyKXsRM5', 'r9DrfFKWcDfW1NmUTVUF', 9, '2020-06-17 06:34:31', '2020-06-17 06:34:31'),
('EjAns7eo4b1AHKjxaIwn', 'hlWl0fKzSMAQTyKXsRM5', 'QFuXikRKJvQUieZWh53v', 97, '2020-06-17 09:22:57', '2020-06-17 09:22:57'),
('ekJkq2sTtjX7Cg1qjLXj', 'hlWl0fKzSMAQTyKXsRM5', 'KeOa4S73PyqgzJVzq2jt', 3, '2020-06-17 06:22:11', '2020-06-17 06:22:11'),
('eMDIcjKDrwjS3GTCo4av', 'eYalbMK7hA9LuufWeLcK', 'AFRMWMrAgzjs9LxSZFO7', 1, '2020-06-17 04:00:56', '2020-06-17 04:00:56'),
('EPZahNOYU4fOJNgEkHrb', 'hlWl0fKzSMAQTyKXsRM5', 'aPS6Tf2TI1JCaPOJ2iQB', 76, '2020-06-17 08:42:43', '2020-06-17 08:42:43'),
('ERNTuO5nSZoIbE6SFH3b', 'hlWl0fKzSMAQTyKXsRM5', 'noNzK2ASNUXUfPBBV2Vp', 91, '2020-06-17 09:15:48', '2020-06-17 09:15:48'),
('EX93DuYLBkmPy0CtMpqe', 'eYalbMK7hA9LuufWeLcK', 'c85tvmxikogSKNalxRqV', 38, '2020-06-17 07:47:31', '2020-06-17 07:47:31'),
('F7oLSLgVUsQbL7v5gUA4', 'eYalbMK7hA9LuufWeLcK', 'ZnC41UgCZ4dMBbXpssas', 78, '2020-06-17 08:52:58', '2020-06-17 08:52:58'),
('FFcH4tNIQ8GIGC35sR6v', 'hlWl0fKzSMAQTyKXsRM5', 'WgueYcn35G4LA0jw7i9p', 86, '2020-06-17 09:10:20', '2020-06-17 09:10:20'),
('FGxuZIsT67bvGDJVwqTZ', 'eYalbMK7hA9LuufWeLcK', 'RiJzwwBjc0U0Wmd3jfFV', 42, '2020-06-17 07:53:06', '2020-06-17 07:53:06'),
('fhGTcTNH4JV7nLe9uGmm', 'eYalbMK7hA9LuufWeLcK', 'kHbfpqEFe33l9oevEeVm', 110, '2020-06-17 09:35:47', '2020-06-17 09:35:47'),
('FIiotYHMtCuIsvCpeTBm', 'hlWl0fKzSMAQTyKXsRM5', 'Rkg0qHG45WtHhjxOPyFD', 77, '2020-06-17 08:43:43', '2020-06-17 08:43:43'),
('FMJja8ezofHccv6ljazh', 'eYalbMK7hA9LuufWeLcK', 'FRxAjpZ3mb90q1eUK9am', 45, '2020-06-17 07:59:26', '2020-06-17 07:59:26'),
('fRoJ7slFmWMH2AykQ9Zc', 'eYalbMK7hA9LuufWeLcK', 'jt9FWP1UFDKqSxLFuLWw', 13, '2020-06-17 06:39:58', '2020-06-17 06:39:58'),
('fTlTDgl15KdDE9S4TpY0', 'eYalbMK7hA9LuufWeLcK', 'vYzFwtP7zZnAi4OWQF2B', 70, '2020-06-17 08:38:13', '2020-06-17 08:38:13'),
('Gc1aAJgACREQWPKZpYFE', 'hlWl0fKzSMAQTyKXsRM5', 'ha8nnO4zDyMnr7TKX9KF', 108, '2020-06-17 09:34:18', '2020-06-17 09:34:18'),
('GEha1EJyAMgGfEDCKopj', 'hlWl0fKzSMAQTyKXsRM5', '1N5Ha0vM66maSMy3RbnD', 95, '2020-06-17 09:21:19', '2020-06-17 09:21:19'),
('gfemkh4FGJryDbWFcBFZ', 'eYalbMK7hA9LuufWeLcK', '8gXheEMVfXDBvWxB4t6M', 56, '2020-06-17 08:26:19', '2020-06-17 08:26:19'),
('GixS9zmPVc9BfY0ZxHlh', 'eYalbMK7hA9LuufWeLcK', 'SmVp0Hx6gm4a0VV4A434', 105, '2020-06-17 09:31:37', '2020-06-17 09:31:37'),
('grsdEuFb2sqbiY4jRobf', 'hlWl0fKzSMAQTyKXsRM5', 'genc0sk8aqRsVlhIcU7G', 106, '2020-06-17 09:32:58', '2020-06-17 09:32:58'),
('GYbrK6Bwsgmb1j1y3CBJ', 'eYalbMK7hA9LuufWeLcK', 'nSzb9JP7Awn2OpcI0Mca', 115, '2020-06-17 09:39:54', '2020-06-17 09:39:54'),
('h3X1FV3cvoDeniocxOIV', 'eYalbMK7hA9LuufWeLcK', 'N0ps4I9XZgRDYLCclrWQ', 59, '2020-06-17 08:28:38', '2020-06-17 08:28:38'),
('H47WaaOpKhGdyIFazd1B', 'hlWl0fKzSMAQTyKXsRM5', 'uSkBwZpxLK2OwvhEIU8y', 5, '2020-06-17 06:24:33', '2020-06-17 06:24:33'),
('hblYFefwrlmPEv5m270V', 'hlWl0fKzSMAQTyKXsRM5', 'S2Y5GwzPOxQXAaiXEhIU', 48, '2020-06-17 08:01:46', '2020-06-17 08:01:46'),
('HIFNzJvWLGCuDNY2f6W2', 'hlWl0fKzSMAQTyKXsRM5', 'VufjyCZGNQiObj8mRcHb', 50, '2020-06-17 08:03:30', '2020-06-17 08:03:30'),
('hMb2cVGvqsjZpPQwAPCV', 'hlWl0fKzSMAQTyKXsRM5', 'G1ghOBQsr00T29adnCZe', 96, '2020-06-17 09:22:03', '2020-06-17 09:22:03'),
('HNj7Cvqx2PKDCkunhaX5', 'eYalbMK7hA9LuufWeLcK', 'owyiJTM1Nb9aCt9brV4T', 29, '2020-06-17 07:34:56', '2020-06-17 07:34:56'),
('HpycVudfeVqQXpYZXFX9', 'eYalbMK7hA9LuufWeLcK', 'Lv6JEroGIn7xBOJ5a2iH', 34, '2020-06-17 07:42:48', '2020-06-17 07:42:48'),
('hX5NreNSywHsVaJqgLv1', 'eYalbMK7hA9LuufWeLcK', 'G1ghOBQsr00T29adnCZe', 96, '2020-06-17 09:22:03', '2020-06-17 09:22:03'),
('hztwHQNbHhTLf4xpyWPA', 'hlWl0fKzSMAQTyKXsRM5', 'ttvTETwnRYj0d4hkAKsE', 49, '2020-06-17 08:02:34', '2020-06-17 08:02:34'),
('i6E0SYBuS8FGv6WRSCAE', 'hlWl0fKzSMAQTyKXsRM5', '6U2Jd3oEwFHXUjs5QfBx', 53, '2020-06-17 08:22:16', '2020-06-17 08:22:16'),
('i9FqTaByd1Ybcde6GLr9', 'hlWl0fKzSMAQTyKXsRM5', 'z67Yt61IBjwBQREycwFG', 47, '2020-06-17 08:00:58', '2020-06-17 08:00:58'),
('IIvV76gs4gcQX4CLJRrK', 'eYalbMK7hA9LuufWeLcK', 'FfKKU60LlL4dsACRiat0', 37, '2020-06-17 07:46:53', '2020-06-17 07:46:53'),
('IlzzHi8fS1wC6o1rc5yx', 'eYalbMK7hA9LuufWeLcK', 'ZcUk5vAhcQemcuJh23Zv', 104, '2020-06-17 09:30:25', '2020-06-17 09:30:25'),
('IrVFkQJUFHqT0ny6wad3', 'eYalbMK7hA9LuufWeLcK', 'liFZaoqanYtBoYAok4FC', 69, '2020-06-17 08:36:57', '2020-06-17 08:36:57'),
('ItN15pggqdbKGdA77fmI', 'hlWl0fKzSMAQTyKXsRM5', 'r28990LNFRFOFg2MU0OZ', 79, '2020-06-17 08:53:40', '2020-06-17 08:53:40'),
('jibqitx071QTlNZ0pZ9k', 'hlWl0fKzSMAQTyKXsRM5', 'lmphiBZO5pADmrcnzDQI', 74, '2020-06-17 08:41:20', '2020-06-17 08:41:20'),
('jjXPkQ9PlzVVOP2KL7Nq', 'hlWl0fKzSMAQTyKXsRM5', 'qMJZtuzR6Ba7Z8leTbbj', 81, '2020-06-17 09:04:57', '2020-06-17 09:04:57'),
('jL7GRa7w3uBie5Bp6oxc', 'hlWl0fKzSMAQTyKXsRM5', '681akMtKpWVLivjsciRh', 112, '2020-06-17 09:37:03', '2020-06-17 09:37:03'),
('jN7CaXJVzMIrB2eB7W1s', 'hlWl0fKzSMAQTyKXsRM5', 'WHR9AUFT2O40DQp3hbIm', 68, '2020-06-17 08:36:22', '2020-06-17 08:36:22'),
('jwLAFdwSS5HYtHTH6J3a', 'eYalbMK7hA9LuufWeLcK', 'ii6QMQ0RFrmM76M4eZ9E', 82, '2020-06-17 09:05:54', '2020-06-17 09:05:54'),
('K3kcnDanwD0G0JGxuAGv', 'eYalbMK7hA9LuufWeLcK', 'KDmfLwognwR5yXFZGKaZ', 40, '2020-06-17 07:51:24', '2020-06-17 07:51:24'),
('k7eW7iuJbmzJpPgzihIy', 'hlWl0fKzSMAQTyKXsRM5', 'nc5fDXquMmGR0hjNE8VM', 22, '2020-06-17 07:11:36', '2020-06-17 07:11:36'),
('k9fnQKKwwspZpOHgn6fa', 'eYalbMK7hA9LuufWeLcK', 'XJmXUDywumyvqa1e4zcX', 103, '2020-06-17 09:29:35', '2020-06-17 09:29:35'),
('kb5IcPD9b2jFY8yChTGU', 'hlWl0fKzSMAQTyKXsRM5', 'dTSWKPXamDDcXBtnFOey', 27, '2020-06-17 07:32:14', '2020-06-17 07:32:14'),
('kHVC7nwEFcR7uvSJCJKH', 'eYalbMK7hA9LuufWeLcK', 'r28990LNFRFOFg2MU0OZ', 79, '2020-06-17 08:53:40', '2020-06-17 08:53:40'),
('kiA5eJXmoP9r4vpaBavS', 'eYalbMK7hA9LuufWeLcK', 'qIG562dWjLFyiANxKnqm', 80, '2020-06-17 08:54:22', '2020-06-17 08:54:22'),
('Kp8XpyK3eZFrufKDxJXa', 'hlWl0fKzSMAQTyKXsRM5', 'TQyrEfK0emPKskdgIxDT', 24, '2020-06-17 07:27:52', '2020-06-17 07:27:52'),
('kyl03rXQA7cJogw1xpIP', 'hlWl0fKzSMAQTyKXsRM5', '0TuGDJ87N1rSLKnwJeY6', 21, '2020-06-17 07:10:58', '2020-06-17 07:10:58'),
('L5NP1DyUzoPTMhHN9Rky', 'hlWl0fKzSMAQTyKXsRM5', 'aS21Uq49uwZ6mrxXqkMS', 60, '2020-06-17 08:29:21', '2020-06-17 08:29:21'),
('L6O2YidrulfoXmBzGqxl', 'eYalbMK7hA9LuufWeLcK', 'O6qBJWMOYhCbceGCjjdD', 57, '2020-06-17 08:27:03', '2020-06-17 08:27:03'),
('L7h4u4qwd78NTyFqGRh8', 'eYalbMK7hA9LuufWeLcK', 'WHR9AUFT2O40DQp3hbIm', 68, '2020-06-17 08:36:22', '2020-06-17 08:36:22'),
('l8GOVbDVjNnE8QuFiIC4', 'hlWl0fKzSMAQTyKXsRM5', 'K3iHp1dhYGNjQmwq1iCw', 90, '2020-06-17 09:15:06', '2020-06-17 09:15:06'),
('lCDafJ7NiqeHMpeFwO7O', 'eYalbMK7hA9LuufWeLcK', 'Epbg8fSUzUibglFMb4QK', 65, '2020-06-17 08:33:43', '2020-06-17 08:33:43'),
('LInLooiAWEkS9TeECZnQ', 'hlWl0fKzSMAQTyKXsRM5', 'qpehG7T6muTFPzGXYB2c', 113, '2020-06-17 09:37:58', '2020-06-17 09:37:58'),
('lYSipLY4WtsMMl29k75l', 'hlWl0fKzSMAQTyKXsRM5', 'FRxAjpZ3mb90q1eUK9am', 45, '2020-06-17 07:59:26', '2020-06-17 07:59:26'),
('M0qBGhoWUAnloDkaZycp', 'hlWl0fKzSMAQTyKXsRM5', 'eS5MqrF289Dacqh1zz0N', 35, '2020-06-17 07:45:18', '2020-06-17 07:45:18'),
('MbUwcRrOPkymfKqQ4paw', 'hlWl0fKzSMAQTyKXsRM5', 'wXuWYR7DhAZTcmm26x31', 58, '2020-06-17 08:27:52', '2020-06-17 08:27:52'),
('MftFgKaixQybncXFi1KB', 'eYalbMK7hA9LuufWeLcK', 'vV070RWLfDYHdH1yLDRm', 109, '2020-06-17 09:35:01', '2020-06-17 09:35:01'),
('mQjx46swKcs9M23WWCiy', 'hlWl0fKzSMAQTyKXsRM5', 'nKnjw3C23b9G0om0tBrU', 28, '2020-06-17 07:33:27', '2020-06-17 07:33:27'),
('NbevkHYJmKVA59ItP5z5', 'hlWl0fKzSMAQTyKXsRM5', 'djgH31ObvGPdFRmGwkTl', 88, '2020-06-17 09:12:46', '2020-06-17 09:12:46'),
('NcPH2KzzBQs2YGwNZMNp', 'eYalbMK7hA9LuufWeLcK', 'DAeKK34gX3ULaMUAHxdr', 72, '2020-06-17 08:39:53', '2020-06-17 08:39:53'),
('NCQA0WtWdOmdS8Isi6KE', 'hlWl0fKzSMAQTyKXsRM5', 'jdS20l4nmkDrIs3GV2jz', 61, '2020-06-17 08:29:56', '2020-06-17 08:29:56'),
('nj2ACiiVIuRciaZke67B', 'hlWl0fKzSMAQTyKXsRM5', 'SmVp0Hx6gm4a0VV4A434', 105, '2020-06-17 09:31:37', '2020-06-17 09:31:37'),
('NjxxueSJ7saGyluauEoA', 'eYalbMK7hA9LuufWeLcK', 'YXRkGP4oR1zHncEZ03nj', 71, '2020-06-17 08:39:11', '2020-06-17 08:39:11'),
('NlfKzSmHhM4jAvUPrjJm', 'eYalbMK7hA9LuufWeLcK', 'wXuWYR7DhAZTcmm26x31', 58, '2020-06-17 08:27:52', '2020-06-17 08:27:52'),
('NsyTJnNIlNMDip0GtOmP', 'hlWl0fKzSMAQTyKXsRM5', 'ZcUk5vAhcQemcuJh23Zv', 104, '2020-06-17 09:30:25', '2020-06-17 09:30:25'),
('nXTAT8HlBqK5BLmSUeHZ', 'hlWl0fKzSMAQTyKXsRM5', 'U0mdWsRt802k7EBKdXZR', 52, '2020-06-17 08:20:15', '2020-06-17 08:20:15'),
('OJyEdPkYtbuC1aIQmXgY', 'hlWl0fKzSMAQTyKXsRM5', 'jV4Y78gfkmZysTWAnuSy', 19, '2020-06-17 07:08:50', '2020-06-17 07:08:50'),
('OkdhWh0c9IvdwnXQq5X0', 'hlWl0fKzSMAQTyKXsRM5', 'zbijfvt7zFhBMDs6LWzz', 31, '2020-06-17 07:37:15', '2020-06-17 07:37:15'),
('oMlQ9Fxtlz1H8ngIrfXF', 'hlWl0fKzSMAQTyKXsRM5', '1PxWtHLrQxDMl2Mzj1F0', 15, '2020-06-17 07:03:55', '2020-06-17 07:03:55'),
('ouW7gqRxMZzYM4uMC3C2', 'eYalbMK7hA9LuufWeLcK', 'nKnjw3C23b9G0om0tBrU', 28, '2020-06-17 07:33:27', '2020-06-17 07:33:27'),
('OxiOKtUJ9YIWFZCe2dgT', 'hlWl0fKzSMAQTyKXsRM5', 'SutlVDrfC3l2UHv6TIay', 36, '2020-06-17 07:45:58', '2020-06-17 07:45:58'),
('p11p5toQRxmCr6UF1qcw', 'eYalbMK7hA9LuufWeLcK', 'o6maejsRbC2LfeQDSkX9', 10, '2020-06-17 06:35:55', '2020-06-17 06:35:55'),
('p5r1cU9R3vj5xYdvUATw', 'eYalbMK7hA9LuufWeLcK', 'YY4NfyzNBQIxSuVrEbew', 7, '2020-06-17 06:26:38', '2020-06-17 06:26:38'),
('PkDgLmsG0LYo1O3klbBX', 'hlWl0fKzSMAQTyKXsRM5', 'kHbfpqEFe33l9oevEeVm', 110, '2020-06-17 09:35:47', '2020-06-17 09:35:47'),
('pMe1LVuu1xcn9j2mz5e9', 'eYalbMK7hA9LuufWeLcK', 'nNzojJtAEvcRMRaL3O0z', 55, '2020-06-17 08:25:36', '2020-06-17 08:25:36'),
('poERB7P9790YLvw1DZkv', 'hlWl0fKzSMAQTyKXsRM5', '7GUz8SWehus5LGqnp9JB', 43, '2020-06-17 07:57:43', '2020-06-17 07:57:43'),
('PPP2C6PVCz8RIZLgfRyL', 'hlWl0fKzSMAQTyKXsRM5', 'jt9FWP1UFDKqSxLFuLWw', 13, '2020-06-17 06:39:58', '2020-06-17 06:39:58'),
('pSRzlPyGeDfJqzk1kxRy', 'hlWl0fKzSMAQTyKXsRM5', 'c85tvmxikogSKNalxRqV', 38, '2020-06-17 07:47:31', '2020-06-17 07:47:31'),
('Pxye1DQqCPQby2s5DvTf', 'hlWl0fKzSMAQTyKXsRM5', 'vYzFwtP7zZnAi4OWQF2B', 70, '2020-06-17 08:38:13', '2020-06-17 08:38:13'),
('q0yIHX0Qi2aTePPQQf04', 'eYalbMK7hA9LuufWeLcK', 'qMJZtuzR6Ba7Z8leTbbj', 81, '2020-06-17 09:04:57', '2020-06-17 09:04:57'),
('Q4bEfviW1D5OlQba5YVY', 'hlWl0fKzSMAQTyKXsRM5', 'tFlMJM6K83FOv1qhZrN9', 39, '2020-06-17 07:48:18', '2020-06-17 07:48:18'),
('QEGUgen8IIuAjAkg8XEt', 'eYalbMK7hA9LuufWeLcK', 'Fhu1ga8rq22atJyCH8WU', 16, '2020-06-17 07:06:07', '2020-06-17 07:06:07'),
('QIUc8jPQycBbHbRfEDmB', 'eYalbMK7hA9LuufWeLcK', 't8jnU24FbqRabnYuPMz8', 26, '2020-06-17 07:30:57', '2020-06-17 07:30:57'),
('QNEDwQTgBYxqgmAHfalG', 'eYalbMK7hA9LuufWeLcK', 'aS21Uq49uwZ6mrxXqkMS', 60, '2020-06-17 08:29:21', '2020-06-17 08:29:21'),
('QsrL98HiZCkcAfUs1Ulm', 'eYalbMK7hA9LuufWeLcK', 'YQIkCG8HjOT6VroxpXNB', 12, '2020-06-17 06:38:08', '2020-06-17 06:38:08'),
('R2m412DRiatRJhzY8TIJ', 'hlWl0fKzSMAQTyKXsRM5', 'godSZzPlx6pXbrXDztlM', 33, '2020-06-17 07:40:52', '2020-06-17 07:40:52'),
('Rd07YRl57txIxgWH5HMy', 'hlWl0fKzSMAQTyKXsRM5', 'pNeSYxSRrX3vutKJJhc4', 102, '2020-06-17 09:28:39', '2020-06-17 09:28:39'),
('RI79jqXw2Vuzvt44k3CE', 'eYalbMK7hA9LuufWeLcK', '681akMtKpWVLivjsciRh', 112, '2020-06-17 09:37:03', '2020-06-17 09:37:03'),
('RjwPI9L5sBlFuElFouRj', 'eYalbMK7hA9LuufWeLcK', '3dbPXKJcBQxTgK5XKHPb', 66, '2020-06-17 08:34:50', '2020-06-17 08:34:50'),
('rUqOUIRcSEjXeFrD4WOH', 'hlWl0fKzSMAQTyKXsRM5', 'jWO61oEhiZ74PglqC5wZ', 18, '2020-06-17 07:07:57', '2020-06-17 07:07:57'),
('rVceAtgryO5MNT41RQNn', 'hlWl0fKzSMAQTyKXsRM5', 'X8UVVTfljuu7ullutlEp', 41, '2020-06-17 07:52:10', '2020-06-17 07:52:10'),
('s06FfJ85cXmvjrUqy7Kp', 'eYalbMK7hA9LuufWeLcK', 'fdP06ngaENLJeYlFRp9F', 23, '2020-06-17 07:12:32', '2020-06-17 07:12:32'),
('saouWgV2fdOZj9zSbZir', 'eYalbMK7hA9LuufWeLcK', 'lmphiBZO5pADmrcnzDQI', 74, '2020-06-17 08:41:20', '2020-06-17 08:41:20'),
('SE4H27ACnz7HPFAmYPkA', 'eYalbMK7hA9LuufWeLcK', 'tihFMQ0xjJVdltv2RTTN', 89, '2020-06-17 09:13:38', '2020-06-17 09:13:38'),
('SKXViFoguetDXdJZN6bk', 'eYalbMK7hA9LuufWeLcK', 'fTUCucWPw5zYWkel2qmT', 32, '2020-06-17 07:39:47', '2020-06-17 07:39:47'),
('sMQouWQItLB5WIqMkZtc', 'eYalbMK7hA9LuufWeLcK', 'AqUmQSW2jMKfcUTPfyIH', 11, '2020-06-17 06:37:07', '2020-06-17 06:37:07'),
('stVdmnGhs4WLm0etiw3Y', 'hlWl0fKzSMAQTyKXsRM5', 'YQIkCG8HjOT6VroxpXNB', 12, '2020-06-17 06:38:08', '2020-06-17 06:38:08'),
('sVemKfTRcvsRCYG1FfNv', 'eYalbMK7hA9LuufWeLcK', 'S2Y5GwzPOxQXAaiXEhIU', 48, '2020-06-17 08:01:46', '2020-06-17 08:01:46'),
('t0FEXbBAci7baeNwptyR', 'eYalbMK7hA9LuufWeLcK', 'OZ8KEurM0mxvL5pnzTQn', 101, '2020-06-17 09:27:40', '2020-06-17 09:27:40'),
('T4n5odsWHayAEjRz50Zi', 'hlWl0fKzSMAQTyKXsRM5', 'UUhEFofIGrdKBQVjoFNN', 98, '2020-06-17 09:24:14', '2020-06-17 09:24:14'),
('tCCJ5AlBiOYyCSL3RYMh', 'eYalbMK7hA9LuufWeLcK', 'r9DrfFKWcDfW1NmUTVUF', 9, '2020-06-17 06:34:31', '2020-06-17 06:34:31'),
('TEd55pkVundqzgb4FbKc', 'hlWl0fKzSMAQTyKXsRM5', 'S8BRuYh9IfHEqYLSdD4g', 111, '2020-06-17 09:36:30', '2020-06-17 09:36:30'),
('tKIoA3nKu3CCAlFdpyL2', 'eYalbMK7hA9LuufWeLcK', 'VsiizJ8LbpXrfE1LUa1x', 92, '2020-06-17 09:16:30', '2020-06-17 09:16:30'),
('Tn6cKgeruWXNN6ffQ3Is', 'eYalbMK7hA9LuufWeLcK', 'aPS6Tf2TI1JCaPOJ2iQB', 76, '2020-06-17 08:42:43', '2020-06-17 08:42:43'),
('TOEVQHMw66YRV27oAf3o', 'hlWl0fKzSMAQTyKXsRM5', 'GEAd34k875DRV18gtT6Z', 2, '2020-06-17 06:10:46', '2020-06-17 06:10:46'),
('tSVPk2lkzBrlcz8cFFCn', 'hlWl0fKzSMAQTyKXsRM5', 'Lv6JEroGIn7xBOJ5a2iH', 34, '2020-06-17 07:42:48', '2020-06-17 07:42:48'),
('tTYHicaRyPiU79wMF1aK', 'hlWl0fKzSMAQTyKXsRM5', 'Epbg8fSUzUibglFMb4QK', 65, '2020-06-17 08:33:43', '2020-06-17 08:33:43'),
('tvqd3SZcD1qUbyVaJCGq', 'eYalbMK7hA9LuufWeLcK', 'CcdV4R9unn9bxzS7mEON', 93, '2020-06-17 09:17:11', '2020-06-17 09:17:11'),
('UBDOcGzXVKZUuWA5mQXJ', 'hlWl0fKzSMAQTyKXsRM5', 'qIG562dWjLFyiANxKnqm', 80, '2020-06-17 08:54:22', '2020-06-17 08:54:22'),
('Ug7xuDAddH9kufDHMMRJ', 'eYalbMK7hA9LuufWeLcK', 'pNeSYxSRrX3vutKJJhc4', 102, '2020-06-17 09:28:39', '2020-06-17 09:28:39'),
('uLnas7zdEfho2DfJSKlI', 'eYalbMK7hA9LuufWeLcK', '6U2Jd3oEwFHXUjs5QfBx', 53, '2020-06-17 08:22:16', '2020-06-17 08:22:16'),
('urvTxhbaIWtSlQ3AbUVX', 'eYalbMK7hA9LuufWeLcK', '0SyZXkuztHo42wLwBKNu', 87, '2020-06-17 09:11:28', '2020-06-17 09:11:28'),
('uW8ui9PT3sfSJ20AYthx', 'eYalbMK7hA9LuufWeLcK', 'q01JCtskqUKmzRBSJu6l', 63, '2020-06-17 08:31:47', '2020-06-17 08:31:47'),
('VaP67oqmdD0nJFrBo5OA', 'hlWl0fKzSMAQTyKXsRM5', '0SyZXkuztHo42wLwBKNu', 87, '2020-06-17 09:11:28', '2020-06-17 09:11:28'),
('vCfdTbnVTPsNoDHc0Z3X', 'eYalbMK7hA9LuufWeLcK', 'N600tQs36xtZ1Huf09FT', 116, '2020-06-17 09:40:42', '2020-06-17 09:40:42'),
('VD61GOJKKXYC9xEXmn5k', 'hlWl0fKzSMAQTyKXsRM5', 'LxceOC7VLm27ml8SeNpq', 107, '2020-06-17 09:33:35', '2020-06-17 09:33:35'),
('vlsop2jgXrohXcxeuDrK', 'eYalbMK7hA9LuufWeLcK', 'nc5fDXquMmGR0hjNE8VM', 22, '2020-06-17 07:11:36', '2020-06-17 07:11:36'),
('VM3OfkqycCBS83NbRfgs', 'eYalbMK7hA9LuufWeLcK', 'qpehG7T6muTFPzGXYB2c', 113, '2020-06-17 09:37:58', '2020-06-17 09:37:58'),
('vtRkzvbo9iPfRhzTP2yS', 'hlWl0fKzSMAQTyKXsRM5', 'Sk2hSAY2ycAqrPEGcLIL', 4, '2020-06-17 06:23:26', '2020-06-17 06:23:26'),
('vVz7blzAfwmMxP1NMuHN', 'eYalbMK7hA9LuufWeLcK', 'ipj3S51iUwgbHi4UM4vg', 62, '2020-06-17 08:30:43', '2020-06-17 08:30:43'),
('vWK4Lzb55iPscrYe8Sya', 'eYalbMK7hA9LuufWeLcK', '1PxWtHLrQxDMl2Mzj1F0', 15, '2020-06-17 07:03:55', '2020-06-17 07:03:55'),
('vx6ocUsPFEhiPWvic2NV', 'hlWl0fKzSMAQTyKXsRM5', 'tihFMQ0xjJVdltv2RTTN', 89, '2020-06-17 09:13:38', '2020-06-17 09:13:38'),
('VXxi639uPsSjwuMpJJ1d', 'hlWl0fKzSMAQTyKXsRM5', '3tahyTlFnAf0bt8FQ4cB', 8, '2020-06-17 06:29:30', '2020-06-17 06:29:30'),
('w23SjLisV4sITdlUCDPe', 'eYalbMK7hA9LuufWeLcK', 'zbijfvt7zFhBMDs6LWzz', 31, '2020-06-17 07:37:15', '2020-06-17 07:37:15'),
('W2bXQU9Yf6qq42RIqABo', 'eYalbMK7hA9LuufWeLcK', 'CKVnUFPXgboigLWcA7ub', 6, '2020-06-17 06:25:32', '2020-06-17 06:25:32'),
('W608cnnGF9n7l4wYkJXK', 'hlWl0fKzSMAQTyKXsRM5', 'RiJzwwBjc0U0Wmd3jfFV', 42, '2020-06-17 07:53:06', '2020-06-17 07:53:06'),
('w7CdIncB7kXv7T0pn8kx', 'hlWl0fKzSMAQTyKXsRM5', 'Rh0UfPSbashkDuj7hoI6', 25, '2020-06-17 07:29:59', '2020-06-17 07:29:59'),
('W9MAQdjdYvYgKP9vNdqX', 'hlWl0fKzSMAQTyKXsRM5', 'liFZaoqanYtBoYAok4FC', 69, '2020-06-17 08:36:57', '2020-06-17 08:36:57'),
('WkT2teftRPoTwrezbv1x', 'hlWl0fKzSMAQTyKXsRM5', 'fE08CKHVVoDdEvBjpaoD', 17, '2020-06-17 07:07:05', '2020-06-17 07:07:05'),
('wLBx6eHDhx1EdWtuNM4U', 'eYalbMK7hA9LuufWeLcK', 'UQXjKtAmy9nRuGgZjSzd', 54, '2020-06-17 08:23:29', '2020-06-17 08:23:29'),
('wOiLNDdqcBKoHubLS7gF', 'eYalbMK7hA9LuufWeLcK', 'h15wsOBYtZUcKvcHX3e5', 100, '2020-06-17 09:26:48', '2020-06-17 09:26:48'),
('WQTy8jfMqhYIllpwOH2B', 'hlWl0fKzSMAQTyKXsRM5', 'kBawgwU9HnKvlyQ7xkPF', 30, '2020-06-17 07:36:07', '2020-06-17 07:36:07'),
('wT5EaIIQ2WtfWmHcidEd', 'hlWl0fKzSMAQTyKXsRM5', 'nNzojJtAEvcRMRaL3O0z', 55, '2020-06-17 08:25:36', '2020-06-17 08:25:36'),
('wylKdK1Cww9Uw7L7xR10', 'eYalbMK7hA9LuufWeLcK', 'zvGAZ5IBqoWmwD6Y5aTe', 14, '2020-06-17 06:41:03', '2020-06-17 06:41:03'),
('wzkIbmvknQGjb2cEMZlG', 'eYalbMK7hA9LuufWeLcK', 'v2uV7JhtRI8X5fMOn0UE', 84, '2020-06-17 09:08:51', '2020-06-17 09:08:51'),
('XBJ9cjLTztr4y7xiXVGB', 'eYalbMK7hA9LuufWeLcK', 'jdS20l4nmkDrIs3GV2jz', 61, '2020-06-17 08:29:56', '2020-06-17 08:29:56'),
('XdJAh2kYXgYGPygHdeap', 'hlWl0fKzSMAQTyKXsRM5', 'v2uV7JhtRI8X5fMOn0UE', 84, '2020-06-17 09:08:51', '2020-06-17 09:08:51'),
('XIqnToytTrhbH3SVB5ny', 'eYalbMK7hA9LuufWeLcK', 'tFlMJM6K83FOv1qhZrN9', 39, '2020-06-17 07:48:18', '2020-06-17 07:48:18'),
('Xr0mKVoNb0JC80Kuovc0', 'hlWl0fKzSMAQTyKXsRM5', 'CKVnUFPXgboigLWcA7ub', 6, '2020-06-17 06:25:33', '2020-06-17 06:25:33'),
('xYf1zFRLaYqOCIAv84Xr', 'hlWl0fKzSMAQTyKXsRM5', 'DAeKK34gX3ULaMUAHxdr', 72, '2020-06-17 08:39:53', '2020-06-17 08:39:53'),
('xYRRXRn6GLKUZ3icrshQ', 'eYalbMK7hA9LuufWeLcK', 'djgH31ObvGPdFRmGwkTl', 88, '2020-06-17 09:12:46', '2020-06-17 09:12:46'),
('YBLOE2SnJ2vH9v365fdq', 'eYalbMK7hA9LuufWeLcK', 'aSRuDNCG3BiubH3Zyi4d', 94, '2020-06-17 09:18:19', '2020-06-17 09:18:19'),
('ybzLAATs2sgeRCypzjOM', 'eYalbMK7hA9LuufWeLcK', 'Rh0UfPSbashkDuj7hoI6', 25, '2020-06-17 07:29:59', '2020-06-17 07:29:59'),
('yCSFFJ5ZEKD6jiQqXuWa', 'hlWl0fKzSMAQTyKXsRM5', 'OZ8KEurM0mxvL5pnzTQn', 101, '2020-06-17 09:27:40', '2020-06-17 09:27:40'),
('YGQ3gKcuDxBvQf9n0JlG', 'hlWl0fKzSMAQTyKXsRM5', 'RG87oYqmXoySNC5oVZSM', 67, '2020-06-17 08:35:30', '2020-06-17 08:35:30'),
('YHn152JqhIfApfzbuiNw', 'eYalbMK7hA9LuufWeLcK', '9wddtw6aX9Nz9DS95cuZ', 114, '2020-06-17 09:39:08', '2020-06-17 09:39:08'),
('YS5eHwDVTAj1ox70md9b', 'eYalbMK7hA9LuufWeLcK', 'eS5MqrF289Dacqh1zz0N', 35, '2020-06-17 07:45:18', '2020-06-17 07:45:18'),
('YUoxbe56ilJtcN1b0Ryz', 'eYalbMK7hA9LuufWeLcK', 'fE08CKHVVoDdEvBjpaoD', 17, '2020-06-17 07:07:05', '2020-06-17 07:07:05'),
('YusQFvB3Jt4uF9rSDQuj', 'hlWl0fKzSMAQTyKXsRM5', 'VV1PrAuoPtFg7z108cuz', 83, '2020-06-17 09:07:29', '2020-06-17 09:07:29'),
('ZDHizxxakU2JcNozXg0n', 'eYalbMK7hA9LuufWeLcK', '3tahyTlFnAf0bt8FQ4cB', 8, '2020-06-17 06:29:30', '2020-06-17 06:29:30'),
('ZKZvv6urVHJkH0uG0yGI', 'hlWl0fKzSMAQTyKXsRM5', 'ZnC41UgCZ4dMBbXpssas', 78, '2020-06-17 08:52:58', '2020-06-17 08:52:58'),
('zLuxgVXPWNZ3rPP5A3mZ', 'eYalbMK7hA9LuufWeLcK', 'GEAd34k875DRV18gtT6Z', 2, '2020-06-17 06:10:46', '2020-06-17 06:10:46'),
('ZnNIpbWTo008lw4vmPYR', 'hlWl0fKzSMAQTyKXsRM5', '72bngBGrXMlIqUEtbfLn', 73, '2020-06-17 08:40:29', '2020-06-17 08:40:29'),
('zpM7gVEXNpnt63AwocHr', 'hlWl0fKzSMAQTyKXsRM5', 'N600tQs36xtZ1Huf09FT', 116, '2020-06-17 09:40:42', '2020-06-17 09:40:42'),
('ZurAWv9iKlr4LlA8QVQJ', 'eYalbMK7hA9LuufWeLcK', 'LxceOC7VLm27ml8SeNpq', 107, '2020-06-17 09:33:35', '2020-06-17 09:33:35'),
('zztygBvRLhVDCCEsI0kO', 'eYalbMK7hA9LuufWeLcK', 'KeOa4S73PyqgzJVzq2jt', 3, '2020-06-17 06:22:11', '2020-06-17 06:22:11');
