INSERT INTO systems VALUES
('1', '1', 'smsAlertThreshold', N'TTQTMT thong bao: Tram $TENTRAM co chi so $SENSORS vuot nguong an toan. De nghi a/c phu trach tram kiem tra lai. Tran trong!'),
('10', '1', 'emailAlertStructure', N'<p>Kính gửi anh(chị) phụ trách theo dõi $TENTRAM!<p>\r\n</br>\r\n<p>$TRUNGTAM gửi email cảnh báo dữ liệu gửi về không đúng cấu trúc.Cụ thể:</p>\r\n</br>\r\n<p>- Tên trạm: $TENTRAM</p>\r\n<p>- Ký hiệu trạm: $KYHIEUTRAM</p>\r\n<p>- Lỗi quan trắc: $NHOMQUANTRAC</p>\r\n<p>- Lỗi: File ftp gửi về không đúng cấu trúc</p>\r\n</br>\r\n<p>Đề nghị anh(chị) theo dõi và rà soát lỗi dữ liệu gửi về của trạm $TENTRAM</p>\r\n</br>\r\n<p>Trân trọng,</p>\r\n<p>$TRUNGTAM</p>'),
('11', '1', 'titleEmailAlertBattery', N'Cảnh báo file truyền về không đúng cấu trúc'),
('12', '1', 'emailAlertBattery', NULL),
('13', '1', 'numberOfAlertSms', '5'),
('14', '1', 'numberOfAlertEmail', '5'),
('15', '1', 'alertSmsStatus', '0'),
('16', '1', 'alertEmailStatus', '0'),
('17', '1', 'paramThresholdFirstlevel', '5'),
('18', '1', 'paramThresholdSecondlevel', '10'),
('19', '1', 'paramDisconnectionFirstlevel', '60'),
('2', '1', 'smsAlertDisconnection', N'TTQTMT thong bao: Tram $TENTRAM khong truyen du lieu ve trung tam. De nghi a/c phu trach $TENTRAM kiem tra lai. Tran trong!'),
('20', '1', 'paramDisconnectionSecondlevel', '120'),
('21', '1', 'alertStructureStatus', '1'),
('22', '1', 'ftpserverStnmt', ''),
('23', '1', 'ftpusernameStnmt', ''),
('24', '1', 'ftppasswordStnmt', ''),
('25', '1', 'ftpserverBtnmt', '192.168.1.23'),
('26', '1', 'ftpusernameBtnmt', ''),
('27', '1', 'dirReceiveFtp', '/ArriveFiles'),
('28', '1', 'dirSaveFtp', '/DataFiles'),
('29', '1', 'dirWrongFtp', '/ErrorFiles'),
('3', '1', 'smsAlertStructure', N'TTQTMT thong bao: Tram $TENTRAM gui file du lieu khong dung cau truc. De nghi a/c phu trach $TENTRAM kiem tra lai. Tran trong!'),
('30', '1', 'upperThresholdColor', 'red'),
('31', '1', 'lowerThresholdColor', 'red'),
('32', '1', 'warningThresholdColor', 'red'),
('33', '1', 'safetyThresholdColor', 'green'),
('34', '1', 'mailServer', 'huutin25021993@gmail.com'),
('35', '1', 'mailPassword', ''),
('36', '1', 'mailServername', N'Trung tâm Quan trắc Môi trường'),
('37', '1', 'mailClientId', '590257600088-se1msnnvb9jd57nv3b8322f1mv1dm36r.apps.googleusercontent.com'),
('38', '1', 'mailClientSecret', 'ZELxuqPeJfL8MkEt9OLbz21h'),
('39', '1', 'mailRefreshToken', '1/EmmooZsWXI4mFEgbbGuUgUryTFnDMeu-bLsXP_Co5D8'),
('4', '1', 'smsAlertBattery', NULL),
('40', '1', 'mailAccessToken', 'ya29.GltrBxFxaGeWny8Xso2cXpTCuYTOSOniIe73I6UVrxm5YqomyYfSYuuEoLSTP6FiDG8TyPwn_fHz2My-AUPki0zXuwL0BqhtG65DRmMPssxyogARqDn2xhN1QbuL'),
('41', '1', 'smsServer', 'http://49.156.52.24:5993/SmsService.asmx'),
('42', '1', 'smsUsername', 'centic'),
('43', '1', 'smsPassword', 'oipd645xlcj7va5'),
('44', '1', 'ftpportStnmt', ''),
('45', '1', 'ftpusernameBtnmt', ''),
('46', '1', 'ftpportBtnmt', ''),
('5', '1', 'titleEmailAlertThreshold', N'Cảnh báo quan trắc vượt ngưỡng'),
('6', '1', 'emailAlertThreshold', N'<p>Kính gửi anh(chị) phụ trách theo dõi $TENTRAM!<p>\r\n</br>\r\n<p>$TRUNGTAM gửi email cảnh báo vượt ngưỡng quan trắc môi trường.Cụ thể:</p>\r\n</br>\r\n<p>- Tên trạm: $TENTRAM</p>\r\n<p>- Ký hiệu trạm: $KYHIEUTRAM</p>\r\n<p>- Loại quan trắc: $NHOMQUANTRAC</p>\r\n<p>- Chỉ số vượt ngưỡng: $SENSORS</p>\r\n<p>- Thời gian đo: $THOIGIANDO</p>\r\n</br>\r\n<p>Đề nghị anh(chị) theo dõi và xử lý vượt ngưỡng tại trạm $TENTRAM</p>\r\n</br>\r\n<p>Trân trọng,</p> \r\n<p>$TRUNGTAM</p>'),
('7', '1', 'titleEmailAlertDisconnection', N'Cảnh báo Trạm không truyền số liệu'),
('8', '1', 'emailAlertDisconnectionn', N'<p>Kính gửi anh(chị) phụ trách theo dõi $TENTRAM!<p>\r\n</br>\r\n<p>$TRUNGTAM gửi email cảnh báo Trạm không truyền dữ liệu.Cụ thể:</p>\r\n</br>\r\n<p>- Tên trạm: $TENTRAM</p>\r\n<p>- Ký hiệu trạm: $KYHIEUTRAM</p>\r\n<p>- Lỗi quan trắc: $NHOMQUANTRAC</p>\r\n<p>- Lỗi: Trạm không truyền dữ liệu về</p>\r\n</br>\r\n<p>Đề nghị anh(chị) theo dõi và rà soát lại dữ liệu gửi về của trạm $TENTRAM</p>\r\n</br>\r\n<p>Trân trọng,</p>\r\n<p>$TRUNGTAM</p>'),
('9', '1', 'titleEmailAlertStructure', N'Cảnh báo file truyền về không đúng cấu trúc');

INSERT INTO monitoring_types VALUES
('QTK', N'Quan trắc không khí', 'QTK', '', NULL, '2020-06-17 10:56:48', '2020-06-17 10:56:48'),
('QTN', N'Quan trắc nước', 'QTN', '', NULL, '2020-06-17 10:56:48', '2020-06-17 10:56:48');

INSERT INTO monitoring_groups  VALUES
('257y88dihVoP0t7lnPV0', N'Quan trắc nước biển', 'QTN', 'QTNB', N'Quan trắc nước biển', NULL, '2020-06-17 06:59:38', '2020-06-17 06:59:38'),
('8kYSsfV5O1LXlEM616vh', N'Quan trắc nước kênh', 'QTN', 'QTNK', N'Quan trắc nước kênh', NULL, '2020-06-17 07:24:58', '2020-06-17 07:24:58'),
('96uhrqbLC02Q9tjMwPbH', N'Quan trắc khí thải', 'QTK', 'QTKT', N'Quan trắc khí thải tại các khu công nghiệp', NULL, '2020-06-17 10:56:48', '2020-06-17 10:56:48'),
('beTbLaY3J5iLyA2H3GeR', N'Quan trắc nước sinh hoạt', 'QTN', 'QTNSH', N'Quan trắc nước sinh hoạt trong hộ gia đình', NULL, '2020-06-17 10:56:48', '2020-06-17 10:56:48'),
('cNH7rGlPAQzEVsdLaopE', N'Quan trắc nước mặt', 'QTN', 'QTNM', N'Quan trắc nước mặt, sông suối, ao hồ', NULL, '2020-06-17 10:56:48', '2020-06-17 10:56:48'),
('iCXwberyd08CDMLPEPtI', N'Quan trắc khí xung quanh', 'QTK', 'QTKXQ', N'Quan trắc khí xung quanh đô thị, đường phố	', NULL, '2020-06-17 10:56:48', '2020-06-17 10:56:48'),
('p1R0HGiFGdyZFBuLse5b', N'Quan trắc nước ngầm', 'QTN', 'QTNN', N'Quan trắc nước ngầm', NULL, '2020-06-17 10:56:48', '2020-06-17 10:56:48'),
('pVZXXF6m4EHwn3VhohRL', N'Quan trắc nước sông', 'QTN', 'QTNS', N'Quan trắc nước sông', NULL, '2020-06-17 08:17:34', '2020-06-17 08:17:34'),
('XTuSjubAZ2OZPiZg4zpc', N'Quan trắc nước thải', 'QTN', 'QTNT', N'Quan trắc nước thải', NULL, '2020-06-17 10:56:48', '2020-06-17 10:56:48');

INSERT INTO districts VALUES
('11BT7sDLvwZYZT161Mex', N'Quận Hải Châu', 'QUANHAICHAU'),
('22BT7sDLvwZYZT161Mex', N'Quận Cẩm Lệ', 'QUANCAMLE'),
('33BT7sDLvwZYZT161Mex', N'Quận Thanh Khê', 'QUANTHANHKHE'),
('44BT7sDLvwZYZT161Mex', N'Quận Liên Chiểu', 'QUANLIENCHIEU'),
('55BT7sDLvwZYZT161Mex', N'Quận Ngũ Hành Sơn', 'QUANNGUHANHSON'),
('66BT7sDLvwZYZT161Mex', N'Quận Sơn Trà', 'QUANSONTRA'),
('77BT7sDLvwZYZT161Mex', N'Huyện Hòa Vang', 'HUYENHOAVANG'),
('88BT7sDLvwZYZT161Mex', N'Huyện Hoàng Sa', 'HUYENHOANGSA');

INSERT INTO indicators VALUES
('0cxS4VcRuaS17F7vhN0D', 'TMP', 'QTK', 'TMP', 'oC', '', NULL, '2020-06-17 10:56:48', '2020-06-17 10:56:48'),
('1GW2K4hZhfaaMeHQMJqA', 'Mangan', 'QTN', 'Mn', 'mg/l', '', NULL, '2020-06-18 04:02:48', '2020-06-18 04:02:48'),
('1VShp3DqGd9NSLLbavBK', 'Nhiệt độ', 'QTN', 'Temp', 'oC', 'Nhiệt độ', NULL, '2020-06-17 10:56:48', '2020-06-17 10:56:48'),
('2N5hl8EUsQHBYvNMSozb', 'Mức nước', 'QTN', 'WATER_LEVEL', 'm', '', NULL, '2020-06-17 10:56:48', '2020-06-17 10:56:48'),
('3ukgdzp14hHjZrXxLPuI', 'TP', 'QTN', 'TP', 'mg/l', '', NULL, '2020-06-17 10:56:48', '2020-06-17 10:56:48'),
('4D0NL6MYCb4Cs3Nw6ybU', 'Tổng Dichloro diphenyl trichloroethane', 'QTN', 'DDT', 'mg/l', '', NULL, '2020-06-18 04:05:28', '2020-06-18 04:05:28'),
('56GgjhXp43IIxoRFc7Yl', 'Hư?ng gió', 'QTK', 'WD', 'Deg', 'Hướng gió', NULL, '2020-06-17 10:56:48', '2020-06-17 10:56:48'),
('5cYj2g8R35PBmDgbTOM2', 'SS_REAL', 'QTN', 'SS_REAL', 'mg/l', '', NULL, '2020-06-17 10:56:48', '2020-06-17 10:56:48'),
('7fyRxC2DjV4O4QFUUeIT', 'TSP', 'QTK', 'TSP', 'mg/Nm3', '', NULL, '2020-06-17 10:56:48', '2020-06-17 10:56:48'),
('7PiMRCiu3UkuYpPOdHTJ', 'FLOW_DAUVAO', 'QTN', 'FLOW_DAUVAO', 'm3/h', '', NULL, '2020-06-17 10:56:48', '2020-06-17 10:56:48'),
('88Zq7YzFoCu2J7m1jGwK', 'Tổng Cr', 'QTN', 'Total_Cr', 'mg/l', '', NULL, '2020-06-18 03:41:24', '2020-06-18 03:41:24'),
('ahrqa4a5lz2WjgQuZm92', 'Phosphat', 'QTN', 'PO4', 'mg/l', '', NULL, '2020-06-18 03:35:43', '2020-06-18 03:35:43'),
('bKQCfwFLq7SZ1U8iX0iC', 'COD', 'QTN', 'COD', 'mg/l', 'Nồng độ COD', NULL, '2020-06-17 10:56:48', '2020-06-17 10:56:48'),
('bX3NIa4JEuOvuurqk0Nh', 'Nitrat', 'QTN', 'NO3', 'mg/l', '', NULL, '2020-06-18 03:35:13', '2020-06-18 03:35:13'),
('cG9JKyEPHje5zVi1wIAl', 'Florua', 'QTN', 'F-', 'mg/l', '', NULL, '2020-06-18 03:34:30', '2020-06-18 03:34:30'),
('cLEtKPGFPGXWiyn0wAiA', 'PM2.5', 'QTK', 'PM25', 'PPM', '', NULL, '2020-06-17 10:56:48', '2020-06-17 10:56:48'),
('dIYhGDk2xMZyJeXFftmp', 'Chì', 'QTN', 'Pb', 'mg/l', '', NULL, '2020-06-18 03:39:13', '2020-06-18 03:39:13'),
('eEDSGcTsBKCigu1PODrv', 'Niken', 'QTN', 'Ni', 'mg/l', '', NULL, '2020-06-18 03:42:05', '2020-06-18 03:42:05'),
('Egs4JUf3Ltwk1q7sjQum', 'DoMau', 'QTN', 'DoMau', 'pt-co', '', NULL, '2020-06-17 10:56:48', '2020-06-17 10:56:48'),
('emyzT0NiSVNQRnJzbDBC', 'Ozon', 'QTK', 'O3', 'PPM', '', NULL, '2020-06-17 10:56:48', '2020-06-17 10:56:48'),
('ERWI2xnr8waFWJKA1anW', 'Temp', 'QTN', 'NHIETDO', 'oC', '', NULL, '2020-06-17 10:56:48', '2020-06-17 10:56:48'),
('fI8Dfk3eN0eEOQ6nz3Di', 'SO2', 'QTK', 'SO2', 'PPM', 'SO2', NULL, '2020-06-17 10:56:48', '2020-06-17 10:56:48'),
('FMHn8rRoZPv961gyEnoU', 'MUCNUOC_NN', 'QTN', 'MUCNUOC_NN', 'm', '', NULL, '2020-06-17 10:56:48', '2020-06-17 10:56:48'),
('fsrGyPMwi6luUAk8wJ1I', 'SANTILITY', 'QTN', 'SANTILITY', 'mg/l', '', NULL, '2020-06-17 10:56:48', '2020-06-17 10:56:48'),
('fuA1sKRCJIomxi009VfC', 'Photphates', 'QTN', 'Photphates', 'mg/l', '', NULL, '2020-06-17 10:56:48', '2020-06-17 10:56:48'),
('G1s0xtVYDjAIulIzEIdH', 'E.coli', 'QTN', 'ECOLI', 'MPN/ 100 ml', '', NULL, '2020-06-18 04:06:46', '2020-06-18 04:06:46'),
('gc5E6tnLQxSwJVYaKeWU', 'BOD5', 'QTN', 'BOD5', 'mg/l', '', NULL, '2020-06-18 04:15:52', '2020-06-18 04:15:52'),
('HMdhlulrYzviyeAmSevW', 'NO2', 'QTK', 'NO2', 'PPM', 'NO2', NULL, '2020-06-17 10:56:48', '2020-06-17 10:56:48'),
('HZRtXK5QYiUGjgO7NRZy', 'Tốc độ gió giật', 'QTK', 'WSG', 'kph', 'Tốc độ gió giật', NULL, '2020-06-17 10:56:48', '2020-06-17 10:56:48'),
('i26vWIyFl05Ecujsn5BR', 'PM10', 'QTK', 'PM10', 'PPM', '', NULL, '2020-06-17 10:56:48', '2020-06-17 10:56:48'),
('IbSwMP8zlsyd4eWE484P', 'Crom VI', 'QTN', 'Cr', 'mg/l', '', NULL, '2020-06-18 03:41:02', '2020-06-18 03:41:02'),
('ir5Np4V7Dxe6PUDleNSX', 'LUULUONG_NN', 'QTN', 'LUULUONG_NN', 'm3/h', '', NULL, '2020-06-17 10:56:48', '2020-06-17 10:56:48'),
('iRoaQuyxlRgwLQARlC5G', 'Thủy ngân', 'QTN', 'Hg', 'mg/l', '', NULL, '2020-06-18 04:03:07', '2020-06-18 04:03:07'),
('J0ZJ4wGE1K9b1yWPA1AA', 'DO', 'QTN', 'DO', 'mg/l', 'Nồng độ DO', NULL, '2020-06-17 10:56:48', '2020-06-17 10:56:48'),
('jk78iSWiVpmaTPr2Zb0r', 'CONDUCTIVITY', 'QTN', 'CONDUCTIVITY', 'uS/cm', '', NULL, '2020-06-17 10:56:48', '2020-06-17 10:56:48'),
('JncWfToHE1PQCqcxa3WB', 'Flow', 'QTN', 'Flow', 'm3/h', '', NULL, '2020-06-17 10:56:48', '2020-06-17 10:56:48'),
('JT2kQsTtCtdif99mnJ14', 'FLOW_INTOTAL', 'QTN', 'FLOW_INTOTAL', 'm3', '', NULL, '2020-06-17 10:56:48', '2020-06-17 10:56:48'),
('jtam7JVsjep5EJEs8fn7', 'FL_OUT', 'QTN', 'FL_OUT', 'm3/h', '', NULL, '2020-06-17 10:56:48', '2020-06-17 10:56:48'),
('jxOsTimJ3R0HaM1yKPKv', 'COD_REAL', 'QTN', 'COD_REAL', 'mg/l', '', NULL, '2020-06-17 10:56:48', '2020-06-17 10:56:48'),
('K1dCoudxrIJHIuxy7FFT', 'Nhiệt độ_KT', 'QTK', 'NHIETDO_KHITHAI', 'oC', '', NULL, '2020-06-17 10:56:48', '2020-06-17 10:56:48'),
('K9Qk76PktTkKLLsFjOjl', 'TN', 'QTN', 'TN', 'mg/l', '', NULL, '2020-06-17 10:56:48', '2020-06-17 10:56:48'),
('KmlHMtZIJNk11JAe0CyM', 'TiengOn', 'QTK', 'TiengOn', '', '', NULL, '2020-06-17 09:48:49', '2020-06-17 15:43:15'),
('Lfbfh2vAUjNAcvki3JP5', 'Tốc độ gió', 'QTK', 'WS', 'kph', 'Tốc độ gió', NULL, '2020-06-17 10:56:48', '2020-06-17 10:56:48'),
('LgVUIVDaFcbrqPBn44vc', 'Áp suất', 'QTK', 'PRESS', 'PA', 'Áp suất', NULL, '2020-06-17 10:56:48', '2020-06-17 10:56:48'),
('lLulsTHFNng46IdGKhzn', 'AMONI', 'QTN', 'AMONI', 'mg/l', '', NULL, '2020-06-17 10:56:48', '2020-06-17 10:56:48'),
('LO27zW7EG51OT0NvioAM', 'Độ ẩm', 'QTK', 'HUMI', '%', '', NULL, '2020-06-17 10:56:48', '2020-06-17 10:56:48'),
('lygl115ZhbwHtFFcfZ1o', 'PM4.0', 'QTK', 'PM4', 'PPM', '', NULL, '2020-06-17 10:56:48', '2020-06-17 10:56:48'),
('M1CSg2lUk9hDwE4N3lSK', 'FL_IN', 'QTN', 'FL_IN', 'm3/h', '', NULL, '2020-06-17 10:56:48', '2020-06-17 10:56:48'),
('m9Bgth2ILQle2nJo5Qzi', 'CO', 'QTK', 'CO', 'PPM', '', NULL, '2020-06-17 10:56:48', '2020-06-17 10:56:48'),
('msNtUqEPIkyYuF2KDYn3', 'Dieldrin', 'QTN', 'Diel', 'mg/l', '', NULL, '2020-06-18 04:05:08', '2020-06-18 04:05:08'),
('OZbgyYv13Sjou0m9yQXU', 'BOD_REAL', 'QTN', 'BOD_REAL', 'mg/l', '', NULL, '2020-06-17 10:56:48', '2020-06-17 10:56:48'),
('PtEc5ND5ypHigtFAnCUO', 'FLOW_OUTTOTAL', 'QTN', 'FLOW_OUTTOTAL', 'm3/h', '', NULL, '2020-06-17 10:56:48', '2020-06-17 10:56:48'),
('q4uOOkJsYMfo8f7drMLn', 'Aldrin', 'QTN', 'Aldrin', 'mg/l', '', NULL, '2020-06-18 04:04:09', '2020-06-18 04:04:09'),
('QTwS5uidRRmwlsPmS11g', 'pH', 'QTN', 'pH', 'Nồng độ', 'PH', NULL, '2020-06-17 10:56:48', '2020-06-17 10:56:48'),
('rUxjQ1SgJhUOJivwYwwA', 'Nitrit', 'QTN', 'NO2', 'mg/l', '', NULL, '2020-06-18 04:20:19', '2020-06-18 04:20:26'),
('S4RaxtZZ6M66GJ7bTDl5', 'Xyanua', 'QTN', 'CN-', 'mg/l', '', NULL, '2020-06-18 03:25:04', '2020-06-18 03:25:04'),
('sldZ6xPLVMHf1HfhMTW1', 'TSS', 'QTN', 'TSS', 'mg/l', 'Nồng độ TSS', NULL, '2020-06-17 10:56:48', '2020-06-17 10:56:48'),
('sqGPSmTzohXJ1KBV81Ov', 'PH_REAL', 'QTN', 'PH_REAL', '', '', NULL, '2020-06-17 10:56:48', '2020-06-17 10:56:48'),
('UMuJlXJNv1Z9l5rqt7wa', 'Sắt', 'QTN', 'Fe', 'mg/l', '', NULL, '2020-06-18 04:03:15', '2020-06-18 04:03:15'),
('vEqph5mgGSxZDt3tVIR8', 'PM1.0', 'QTK', 'PM1', 'PPM', '', NULL, '2020-06-17 10:56:48', '2020-06-17 10:56:48'),
('VlAM50J3PMYxFkmOC2t4', 'Lưu lượng_KT', 'QTK', 'LUULUONG_KHITHAI', 'm3/h', '', NULL, '2020-06-17 10:56:48', '2020-06-17 10:56:48'),
('vUkPvRl0hMNTzeNRDiI2', 'Flow', 'QTN', 'Flow', 'm3/h', '', NULL, '2020-06-17 10:56:48', '2020-06-17 10:56:48'),
('wpMTAZLKUmYHFbZ6oRwy', 'NH4', 'QTN', 'NH4', 'mg/l', 'Nồng độ amoniac trong nước', NULL, '2020-06-17 10:56:48', '2020-06-17 10:56:48'),
('Wq7CFl3Hjl3Y4EX9xMfL', 'Cadimi', 'QTN', 'Cd', 'mg/l', '', NULL, '2020-06-18 03:38:54', '2020-06-18 03:38:54'),
('X3cCmfEBWSSay369YrHT', 'Benzene hexachloride', 'QTN', 'BHC', 'mg/l', '', NULL, '2020-06-18 04:04:28', '2020-06-18 04:04:28'),
('y1Cm4IWOOTgDBPkSnmWi', 'Đồng', 'QTN', 'Cu', 'mg/l', '', NULL, '2020-06-18 03:41:39', '2020-06-18 03:41:39'),
('Yb7XPS06OCKwqIPa9waw', 'Hướng gió giật', 'QTK', 'WDG', 'Deg', 'Hướng gió giật', NULL, '2020-06-17 10:56:48', '2020-06-17 10:56:48'),
('z4yQlxm1OSRua32UPcqe', 'NITRATE', 'QTN', 'NITRATE', 'mg/l', '', NULL, '2020-06-17 10:56:48', '2020-06-17 10:56:48'),
('ZF6oDiJyafvgJbbTQOdT', 'Asen', 'QTN', 'As', 'mg/l', '', NULL, '2020-06-18 03:38:43', '2020-06-18 03:38:43'),
('zKVR9DisBXFATy4HtBMv', 'Kẽm', 'QTN', 'Zn', 'mg/l', '', NULL, '2020-06-18 03:41:53', '2020-06-18 03:41:53'),
('ZN2B2YjFgnFjyp1g4BRy', 'Coliform', 'QTN', 'Coliform', 'MPN/ 100 ml', '', NULL, '2020-06-18 04:06:17', '2020-06-18 04:06:17'),
('Zs7C4VuVK9cgRLBnQUXf', 'Clorua', 'QTN', 'Cl-', 'mg/l', '', NULL, '2020-06-18 03:34:19', '2020-06-18 03:34:19');


INSERT INTO indicator_threshold VALUES
('09R5hlkXcxoa1dkcn2is', 'QTN', 'ZF6oDiJyafvgJbbTQOdT', 'p1R0HGiFGdyZFBuLse5b', 0.01, 0, '', '', NULL, '2020-06-18 04:22:47', '2020-06-18 04:22:47'),
('1Q76GpoI8KEasqLn2rie', 'QTK', 'VlAM50J3PMYxFkmOC2t4', '96uhrqbLC02Q9tjMwPbH', 10000, 0, '', '', NULL, '2020-06-17 10:56:48', '2020-06-17 10:56:48'),
('1t1QcWJUFTP2JgqC7Pqg', 'QTN', 'KmlHMtZIJNk11JAe0CyM', 'iCXwberyd08CDMLPEPtI', 100, 0, '', '', NULL, '2020-06-17 09:52:38', '2020-06-17 09:52:38'),
('1waEFVNg8yKesmaemKNC', 'QTN', 'ahrqa4a5lz2WjgQuZm92', 'p1R0HGiFGdyZFBuLse5b', 0.1, 0, '', '', NULL, '2020-06-18 04:21:56', '2020-06-18 04:21:56'),
('3rIOV4YPUWuhtdTZQ700', 'QTN', 'jtam7JVsjep5EJEs8fn7', 'XTuSjubAZ2OZPiZg4zpc', 100, 0, '', '', NULL, '2020-06-17 10:56:48', '2020-06-17 10:56:48'),
('3uJwGIRPOAoX1wS73dm9', 'QTN', 'zKVR9DisBXFATy4HtBMv', 'p1R0HGiFGdyZFBuLse5b', 0.5, 0, '', '', NULL, '2020-06-18 04:25:06', '2020-06-18 04:25:06'),
('3xKWkUUARmwnO41tfPoo', 'QTK', 'Lfbfh2vAUjNAcvki3JP5', 'iCXwberyd08CDMLPEPtI', 30000, 0, '', '', NULL, '2020-06-17 10:56:48', '2020-06-17 10:56:48'),
('4BH9wJOo09Y1DG4AzwAU', 'QTN', 'G1s0xtVYDjAIulIzEIdH', 'p1R0HGiFGdyZFBuLse5b', 20, 0, '', '', NULL, '2020-06-18 04:28:45', '2020-06-18 04:28:45'),
('5eUmTnzcrluFwkwQSVV7', 'QTK', 'lygl115ZhbwHtFFcfZ1o', '96uhrqbLC02Q9tjMwPbH', 30000, 0, '', '', NULL, '2020-06-17 10:56:48', '2020-06-17 10:56:48'),
('5J9hAe14XiwOBZoTeWuU', 'QTN', '7PiMRCiu3UkuYpPOdHTJ', 'XTuSjubAZ2OZPiZg4zpc', 100, 0, '', '', NULL, '2020-06-17 10:56:48', '2020-06-17 10:56:48'),
('5u4DxrnzIM4BItmls5Wv', 'QTK', 'vEqph5mgGSxZDt3tVIR8', 'iCXwberyd08CDMLPEPtI', 30000, 0, '', '', NULL, '2020-06-17 10:56:48', '2020-06-17 10:56:48'),
('60x1Bn4ZaxBsMXuPKVJl', 'QTK', '0cxS4VcRuaS17F7vhN0D', '96uhrqbLC02Q9tjMwPbH', 40, 20, 'Nhiệt độ vùng an toàn', 'Nhiệt độ vùng cảnh báo', NULL, '2020-06-17 10:56:48', '2020-06-17 10:56:48'),
('69mrVqszMv0TgtADWMWc', 'QTN', 'ZN2B2YjFgnFjyp1g4BRy', 'p1R0HGiFGdyZFBuLse5b', 2500, 0, '', '', NULL, '2020-06-18 04:28:29', '2020-06-18 04:28:29'),
('71Rxs4QALH3qOBAAM6Kg', 'QTN', 'sldZ6xPLVMHf1HfhMTW1', 'cNH7rGlPAQzEVsdLaopE', 100, 0, 'TSS trong vùng an toàn', 'TSS trong vùng cảnh báo', NULL, '2020-06-17 10:56:48', '2020-06-17 10:56:48'),
('73FtA3hc2rrbXZERvCAx', 'QTN', 'lLulsTHFNng46IdGKhzn', 'XTuSjubAZ2OZPiZg4zpc', 100, 0, '', '', NULL, '2020-06-17 10:56:48', '2020-06-17 10:56:48'),
('7uilbmBQxeZztximaVnf', 'QTN', 'X3cCmfEBWSSay369YrHT', 'p1R0HGiFGdyZFBuLse5b', 0.02, 0, '', '', NULL, '2020-06-18 04:27:48', '2020-06-18 04:27:48'),
('882WqL4KFrqNYlVEqLVn', 'QTK', 'LgVUIVDaFcbrqPBn44vc', '96uhrqbLC02Q9tjMwPbH', 300000, 0, '', '', NULL, '2020-06-17 10:56:48', '2020-06-17 10:56:48'),
('8zaGv3SvhiU5VC4aecye', 'QTN', 'wpMTAZLKUmYHFbZ6oRwy', 'cNH7rGlPAQzEVsdLaopE', 3, 0, 'NH4+N trong vùng an toàn', 'NH4+N trong vùng cảnh báo', NULL, '2020-06-17 10:56:48', '2020-06-17 10:56:48'),
('a4hfyus1e4GXirP3bWZG', 'QTK', 'cLEtKPGFPGXWiyn0wAiA', '96uhrqbLC02Q9tjMwPbH', 30000, 0, '', '', NULL, '2020-06-17 10:56:48', '2020-06-17 10:56:48'),
('A6A4tJLDuyB0n6nENAGk', 'QTN', 'wpMTAZLKUmYHFbZ6oRwy', 'p1R0HGiFGdyZFBuLse5b', 0.3, 0, '', '', NULL, '2020-06-18 04:17:43', '2020-06-18 04:17:43'),
('Ad9YryL52eqm6747CUwa', 'QTN', 'IbSwMP8zlsyd4eWE484P', 'p1R0HGiFGdyZFBuLse5b', 0.01, 0, '', '', NULL, '2020-06-18 04:24:02', '2020-06-18 04:24:02'),
('AVFxZuh6YtPV7MRB0GCU', 'QTN', '5cYj2g8R35PBmDgbTOM2', 'cNH7rGlPAQzEVsdLaopE', 100, 0, '', '', NULL, '2020-06-17 10:56:48', '2020-06-17 10:56:48'),
('aVR6fzpEwpz5yZOu7s7F', 'QTN', 'Wq7CFl3Hjl3Y4EX9xMfL', 'p1R0HGiFGdyZFBuLse5b', 0.005, 0, '', '', NULL, '2020-06-18 04:23:12', '2020-06-18 04:23:12'),
('BDrB8uuJMgZAmNEbNxgs', 'QTN', 'M1CSg2lUk9hDwE4N3lSK', 'XTuSjubAZ2OZPiZg4zpc', 100, 0, '', '', NULL, '2020-06-17 10:56:48', '2020-06-17 10:56:48'),
('BFOnUnuhJz3evxksQ9Ya', 'QTK', 'LgVUIVDaFcbrqPBn44vc', 'iCXwberyd08CDMLPEPtI', 300000, 0, '', '', NULL, '2020-06-17 10:56:48', '2020-06-17 10:56:48'),
('bI6G8K6pskGVxsNEKbHY', 'QTN', '88Zq7YzFoCu2J7m1jGwK', 'p1R0HGiFGdyZFBuLse5b', 0.05, 0, '', '', NULL, '2020-06-18 04:24:28', '2020-06-18 04:24:28'),
('BKE734wFOq98x1zoUVTN', 'QTN', 'wpMTAZLKUmYHFbZ6oRwy', 'XTuSjubAZ2OZPiZg4zpc', 3, 0, 'NH4+N trong vùng an toàn', 'NH4+N trong vùng cảnh báo', NULL, '2020-06-17 10:56:48', '2020-06-17 10:56:48'),
('BoY1nfMTc5o1J4WnELyC', 'QTK', 'HMdhlulrYzviyeAmSevW', '96uhrqbLC02Q9tjMwPbH', 30000, 0, '', '', NULL, '2020-06-17 10:56:48', '2020-06-17 10:56:48'),
('bwUgYCHaTPg0qPvKW7zT', 'QTK', 'Yb7XPS06OCKwqIPa9waw', 'iCXwberyd08CDMLPEPtI', 30000, 0, '', '', NULL, '2020-06-17 10:56:48', '2020-06-17 10:56:48'),
('CkUyv12M0vPKhTHky0Qh', 'QTK', 'LO27zW7EG51OT0NvioAM', '96uhrqbLC02Q9tjMwPbH', 30000, 0, '', '', NULL, '2020-06-17 10:56:48', '2020-06-17 10:56:48'),
('cUsyCdY0nnlPaUdotVnx', 'QTN', 'rUxjQ1SgJhUOJivwYwwA', 'p1R0HGiFGdyZFBuLse5b', 0.05, 0, '', '', NULL, '2020-06-18 04:21:16', '2020-06-18 04:21:16'),
('cxzdpT6QupTx4skTu25k', 'QTK', 'K1dCoudxrIJHIuxy7FFT', '96uhrqbLC02Q9tjMwPbH', 100, 0, '', '', NULL, '2020-06-17 10:56:48', '2020-06-17 10:56:48'),
('d3VlmRapsh4Fx3O1raIm', 'QTN', 'QTwS5uidRRmwlsPmS11g', 'XTuSjubAZ2OZPiZg4zpc', 9, 5.5, 'PH trong vùng an toàn', 'PH trong vùng cảnh báo', NULL, '2020-06-17 10:56:48', '2020-06-17 10:56:48'),
('d3zPRPOo9YuoGKO9PHIz', 'QTK', 'emyzT0NiSVNQRnJzbDBC', '96uhrqbLC02Q9tjMwPbH', 30000, 0, '', '', NULL, '2020-06-17 10:56:48', '2020-06-17 10:56:48'),
('DEhKeW6c5U76C5bMIwrA', 'QTN', 'QTwS5uidRRmwlsPmS11g', 'pVZXXF6m4EHwn3VhohRL', 12, 6, '', '', NULL, '2020-06-17 08:18:18', '2020-06-17 08:18:18'),
('DK79An7cvaER6qEicvYh', 'QTK', '56GgjhXp43IIxoRFc7Yl', '96uhrqbLC02Q9tjMwPbH', 30000, 0, 'Hướng gió vùng an toàn', 'Hướng gió vùng cảnh báo', NULL, '2020-06-17 10:56:48', '2020-06-17 10:56:48'),
('DSMoqbqkHOOUbghdWBE8', 'QTK', 'vEqph5mgGSxZDt3tVIR8', '96uhrqbLC02Q9tjMwPbH', 30000, 0, '', '', NULL, '2020-06-17 10:56:48', '2020-06-17 10:56:48'),
('ebjnNYLTdDgAcIUxslgu', 'QTK', 'fI8Dfk3eN0eEOQ6nz3Di', '96uhrqbLC02Q9tjMwPbH', 30000, 0, '', '', NULL, '2020-06-17 10:56:48', '2020-06-17 10:56:48'),
('eFjRNcuRBivFZLMZ9bJQ', 'QTN', 'VlAM50J3PMYxFkmOC2t4', '96uhrqbLC02Q9tjMwPbH', 1000, 0, '', '', NULL, '2020-06-17 10:56:48', '2020-06-17 10:56:48'),
('EKlsL88ZrFQtTPCsdSiv', 'QTN', 'fuA1sKRCJIomxi009VfC', 'XTuSjubAZ2OZPiZg4zpc', 100, 0, '', '', NULL, '2020-06-17 10:56:48', '2020-06-17 10:56:48'),
('epqOAYx8tspuyveKApdi', 'QTN', 'wpMTAZLKUmYHFbZ6oRwy', 'beTbLaY3J5iLyA2H3GeR', 3, 0, 'NH4+N trong vùng an toàn', 'NH4+N trong vùng cảnh báo', NULL, '2020-06-17 10:56:48', '2020-06-17 10:56:48'),
('eq7ULhnVqknZ0FsgHXJd', 'QTK', '0cxS4VcRuaS17F7vhN0D', 'iCXwberyd08CDMLPEPtI', 40, 20, 'Nhiệt độ vùng an toàn', 'Nhiệt độ vùng cảnh báo', NULL, '2020-06-17 10:56:48', '2020-06-17 10:56:48'),
('Es0UdaZoJpbYQsB5gQR1', 'QTK', 'fI8Dfk3eN0eEOQ6nz3Di', 'iCXwberyd08CDMLPEPtI', 30000, 0, '', '', NULL, '2020-06-17 10:56:48', '2020-06-17 10:56:48'),
('Ex2FI6yfdFHFbTbkPwm8', 'QTN', 'sldZ6xPLVMHf1HfhMTW1', 'XTuSjubAZ2OZPiZg4zpc', 100, 0, 'TSS trong vùng an toàn', 'TSS trong vùng cảnh báo', NULL, '2020-06-17 10:56:48', '2020-06-17 10:56:48'),
('F2htPaNFwuhmxccy8JP0', 'QTN', 'Zs7C4VuVK9cgRLBnQUXf', 'p1R0HGiFGdyZFBuLse5b', 250, 0, '', '', NULL, '2020-06-18 04:18:05', '2020-06-18 04:18:05'),
('fKiStaUcaXWWTbhCKuoB', 'QTN', 'QTwS5uidRRmwlsPmS11g', 'p1R0HGiFGdyZFBuLse5b', 8.5, 6, '', '', NULL, '2020-06-18 04:15:11', '2020-06-18 04:15:11'),
('g1WxMgLPH0UPctwX0j2y', 'QTK', 'HMdhlulrYzviyeAmSevW', 'iCXwberyd08CDMLPEPtI', 30000, 0, '', '', NULL, '2020-06-17 10:56:48', '2020-06-17 10:56:48'),
('gHY4zKAItScy8g6tN3L7', 'QTN', 'fsrGyPMwi6luUAk8wJ1I', 'cNH7rGlPAQzEVsdLaopE', 100, 0, '', '', NULL, '2020-06-17 10:56:48', '2020-06-17 10:56:48'),
('gOIcV6UvFwfA3ztNIiJd', 'QTN', '2N5hl8EUsQHBYvNMSozb', 'cNH7rGlPAQzEVsdLaopE', 100, 0, '', '', NULL, '2020-06-17 10:56:48', '2020-06-17 10:56:48'),
('hdgAfYShC3reDwju81pb', 'QTN', 'QTwS5uidRRmwlsPmS11g', '257y88dihVoP0t7lnPV0', 12, 6, '', '', NULL, '2020-06-17 07:00:35', '2020-06-17 07:00:35'),
('hFEgsauqqpVAhfyRIl5c', 'QTN', 'QTwS5uidRRmwlsPmS11g', 'cNH7rGlPAQzEVsdLaopE', 9, 5.5, 'PH trong vùng an toàn', 'PH trong vùng cảnh báo', NULL, '2020-06-17 10:56:48', '2020-06-17 10:56:48'),
('hYQoox1Wyr70vNh5EvxE', 'QTN', 'J0ZJ4wGE1K9b1yWPA1AA', 'beTbLaY3J5iLyA2H3GeR', 2, 0, 'DO trong vùng an toàn', 'DO trong vùng cảnh báo', NULL, '2020-06-17 10:56:48', '2020-06-17 10:56:48'),
('I6251N3ciSPfiV9HoeXg', 'QTN', '1VShp3DqGd9NSLLbavBK', 'XTuSjubAZ2OZPiZg4zpc', 35, 20, 'Nhiệt độ trong vùng an toàn', 'Nhiệt độ trong vùng cảnh báo', NULL, '2020-06-17 10:56:48', '2020-06-17 10:56:48'),
('IfBq8d4t4fgsWk3bvxBG', 'QTN', 'y1Cm4IWOOTgDBPkSnmWi', 'p1R0HGiFGdyZFBuLse5b', 0.1, 0, '', '', NULL, '2020-06-18 04:24:50', '2020-06-18 04:24:50'),
('INQwu4HNI09zEAzilLkd', 'QTK', '7fyRxC2DjV4O4QFUUeIT', '96uhrqbLC02Q9tjMwPbH', 100, 0, '', '', NULL, '2020-06-17 10:56:48', '2020-06-17 10:56:48'),
('IQCMqqItGiQ5f530GLnH', 'QTN', 'eEDSGcTsBKCigu1PODrv', 'p1R0HGiFGdyZFBuLse5b', 0.1, 0, '', '', NULL, '2020-06-18 04:25:30', '2020-06-18 04:25:30'),
('IXpm6Xx7KtoYBGUtIxBD', 'QTN', 'OZbgyYv13Sjou0m9yQXU', 'XTuSjubAZ2OZPiZg4zpc', 100, 0, '', '', NULL, '2020-06-17 10:56:48', '2020-06-17 10:56:48'),
('iyPLw09x6i2pqT99nHVd', 'QTN', 'sldZ6xPLVMHf1HfhMTW1', 'p1R0HGiFGdyZFBuLse5b', 20, 0, '', '', NULL, '2020-06-18 04:17:20', '2020-06-18 04:17:20'),
('J3vOGRdVS9VdR16l2oVm', 'QTN', 'z4yQlxm1OSRua32UPcqe', 'XTuSjubAZ2OZPiZg4zpc', 100, 0, '', '', NULL, '2020-06-17 10:56:48', '2020-06-17 10:56:48'),
('jAMLfYMbBqkTP3z5GVP7', 'QTN', 'sldZ6xPLVMHf1HfhMTW1', 'beTbLaY3J5iLyA2H3GeR', 100, 0, 'TSS trong vùng an toàn', 'TSS trong vùng cảnh báo', NULL, '2020-06-17 10:56:48', '2020-06-17 10:56:48'),
('jRCTzI7dMuwED3q26dnA', 'QTN', 'bKQCfwFLq7SZ1U8iX0iC', 'cNH7rGlPAQzEVsdLaopE', 150, 50, 'COD trong vùng an toàn', 'COD trong vùng cảnh báo', NULL, '2020-06-17 10:56:48', '2020-06-17 10:56:48'),
('K0vl9Q3Elhe5GcJ8RcGa', 'QTN', 'PtEc5ND5ypHigtFAnCUO', 'XTuSjubAZ2OZPiZg4zpc', 1000, 0, '', '', NULL, '2020-06-17 10:56:48', '2020-06-17 10:56:48'),
('k51X5UV1PskypXqLq2jo', 'QTK', 'cLEtKPGFPGXWiyn0wAiA', 'iCXwberyd08CDMLPEPtI', 30000, 0, '', '', NULL, '2020-06-17 10:56:48', '2020-06-17 10:56:48'),
('KbKsuyBp89LmxcLCoz2x', 'QTN', 'cG9JKyEPHje5zVi1wIAl', 'p1R0HGiFGdyZFBuLse5b', 1, 0, '', '', NULL, '2020-06-18 04:18:30', '2020-06-18 04:18:30'),
('kxesOs5MfjDtwuNftQVu', 'QTN', 'J0ZJ4wGE1K9b1yWPA1AA', 'cNH7rGlPAQzEVsdLaopE', 2, 20, 'DO trong vùng an toàn', 'DO trong vùng cảnh báo', NULL, '2020-06-17 10:56:48', '2020-06-17 10:56:48'),
('L2AqIgOR0wXSo7lS9C87', 'QTN', 'sqGPSmTzohXJ1KBV81Ov', 'cNH7rGlPAQzEVsdLaopE', 100, 0, '', '', NULL, '2020-06-17 10:56:48', '2020-06-17 10:56:48'),
('L5O5mu60wFbVh0ZF47vN', 'QTN', 'dIYhGDk2xMZyJeXFftmp', 'p1R0HGiFGdyZFBuLse5b', 0.02, 0, '', '', NULL, '2020-06-18 04:23:38', '2020-06-18 04:23:38'),
('LBlvVz3ugkyu1KmvROZx', 'QTK', 'i26vWIyFl05Ecujsn5BR', '96uhrqbLC02Q9tjMwPbH', 30000, 0, '', '', NULL, '2020-06-17 10:56:48', '2020-06-17 10:56:48'),
('mHKierSOt5dvilpZItaN', 'QTK', 'Yb7XPS06OCKwqIPa9waw', '96uhrqbLC02Q9tjMwPbH', 30000, 0, '', '', NULL, '2020-06-17 10:56:48', '2020-06-17 10:56:48'),
('Mvc6CD6bmIVmT8UmcRZp', 'QTN', '3ukgdzp14hHjZrXxLPuI', 'XTuSjubAZ2OZPiZg4zpc', 100, 0, '', '', NULL, '2020-06-17 10:56:48', '2020-06-17 10:56:48'),
('MwaU4znVlSPJR1gRTRJG', 'QTN', 'bKQCfwFLq7SZ1U8iX0iC', 'XTuSjubAZ2OZPiZg4zpc', 50, 0, 'COD trong vùng an toàn', 'COD trong vùng cảnh báo', NULL, '2020-06-17 10:56:48', '2020-06-17 10:56:48'),
('OJ16W1TzYByJ8zGd3NKX', 'QTN', 'K1dCoudxrIJHIuxy7FFT', '96uhrqbLC02Q9tjMwPbH', 100, 0, '', '', NULL, '2020-06-17 10:56:48', '2020-06-17 10:56:48'),
('OJULocC23A0sVI3ioROU', 'QTK', 'Lfbfh2vAUjNAcvki3JP5', '96uhrqbLC02Q9tjMwPbH', 30000, 0, '', '', NULL, '2020-06-17 10:56:48', '2020-06-17 10:56:48'),
('oqGxgB5bRbjVKf3trv0Z', 'QTN', 'OZbgyYv13Sjou0m9yQXU', 'cNH7rGlPAQzEVsdLaopE', 100, 0, '', '', NULL, '2020-06-17 10:56:48', '2020-06-17 10:56:48'),
('PgUjFifPJwAhs6H9p9aE', 'QTN', 'QTwS5uidRRmwlsPmS11g', 'beTbLaY3J5iLyA2H3GeR', 9, 5.5, 'PH trong vùng an toàn', 'PH trong vùng cảnh báo', NULL, '2020-06-17 10:56:48', '2020-06-17 10:56:48'),
('pT47yxXMIQMYt53OmcmB', 'QTK', 'm9Bgth2ILQle2nJo5Qzi', 'iCXwberyd08CDMLPEPtI', 30000, 0, '', '', NULL, '2020-06-17 10:56:48', '2020-06-17 10:56:48'),
('qdrXdGq9S0nKkFHBjggx', 'QTN', 'iRoaQuyxlRgwLQARlC5G', 'p1R0HGiFGdyZFBuLse5b', 0.001, 0, '', '', NULL, '2020-06-18 04:26:13', '2020-06-18 04:26:13'),
('QIGl1LWHhDl4BX6Ky4bS', 'QTN', '1GW2K4hZhfaaMeHQMJqA', 'p1R0HGiFGdyZFBuLse5b', 0.1, 0, '', '', NULL, '2020-06-18 04:25:50', '2020-06-18 04:25:50'),
('QJ9SgZnHZWvYhjdkevBD', 'QTK', 'lygl115ZhbwHtFFcfZ1o', 'iCXwberyd08CDMLPEPtI', 30000, 0, '', '', NULL, '2020-06-17 10:56:48', '2020-06-17 10:56:48'),
('qlSehcZHsCCL27WbATAT', 'QTK', 'emyzT0NiSVNQRnJzbDBC', 'iCXwberyd08CDMLPEPtI', 30000, 0, '', '', NULL, '2020-06-17 10:56:48', '2020-06-17 10:56:48'),
('RfBqHXorJQR0IjTaMGdf', 'QTN', 'gc5E6tnLQxSwJVYaKeWU', 'p1R0HGiFGdyZFBuLse5b', 4, 0, '', '', NULL, '2020-06-18 04:16:16', '2020-06-18 04:16:16'),
('rH9nrQViLYqCHkzT1BoB', 'QTN', 'JT2kQsTtCtdif99mnJ14', 'XTuSjubAZ2OZPiZg4zpc', 1000, 0, '', '', NULL, '2020-06-17 10:56:48', '2020-06-17 10:56:48'),
('rVdN6BNhtkj1d5FmtpVV', 'QTN', '1VShp3DqGd9NSLLbavBK', 'beTbLaY3J5iLyA2H3GeR', 35, 20, 'Nhiệt độ trong vùng an toàn', 'Nhiệt độ trong vùng cảnh báo', NULL, '2020-06-17 10:56:48', '2020-06-17 10:56:48'),
('rVo7cYvGO1ljkoCnz5tF', 'QTN', 'bKQCfwFLq7SZ1U8iX0iC', 'beTbLaY3J5iLyA2H3GeR', 50, 0, 'COD trong vùng an toàn', 'COD trong vùng cảnh báo', NULL, '2020-06-17 10:56:48', '2020-06-17 10:56:48'),
('RZEAOgH7sGKVwoCd7sbZ', 'QTN', 'QTwS5uidRRmwlsPmS11g', '8kYSsfV5O1LXlEM616vh', 12, 6, '', '', NULL, '2020-06-17 07:26:56', '2020-06-17 07:26:56'),
('SaKvPQq2qmCHvJRmVKXh', 'QTN', 'bX3NIa4JEuOvuurqk0Nh', 'p1R0HGiFGdyZFBuLse5b', 2, 0, '', '', NULL, '2020-06-18 04:21:31', '2020-06-18 04:21:31'),
('SG0tTSOVJ0dYMi0fLC1i', 'QTK', 'i26vWIyFl05Ecujsn5BR', 'iCXwberyd08CDMLPEPtI', 30000, 0, '', '', NULL, '2020-06-17 10:56:48', '2020-06-17 10:56:48'),
('SGcWFik7ewdbOSD3H2lo', 'QTN', 'Egs4JUf3Ltwk1q7sjQum', 'XTuSjubAZ2OZPiZg4zpc', 100, 0, '', '', NULL, '2020-06-17 10:56:48', '2020-06-17 10:56:48'),
('sKhV1Mtc25kif7Hv9OyI', 'QTK', 'LO27zW7EG51OT0NvioAM', 'iCXwberyd08CDMLPEPtI', 30000, 0, '', '', NULL, '2020-06-17 10:56:48', '2020-06-17 10:56:48'),
('sO4zKad5MXk9XiFKirpn', 'QTN', 'J0ZJ4wGE1K9b1yWPA1AA', 'XTuSjubAZ2OZPiZg4zpc', 2, 0, 'DO trong vùng an toàn', 'DO trong vùng cảnh báo', NULL, '2020-06-17 10:56:48', '2020-06-17 10:56:48'),
('sZcObnDyK1NWwajUmXck', 'QTN', 'JncWfToHE1PQCqcxa3WB', 'XTuSjubAZ2OZPiZg4zpc', 100, 0, '', '', NULL, '2020-06-17 10:56:48', '2020-06-17 10:56:48'),
('TTdPIwFdW7PQgjvwbLKr', 'QTN', 'jk78iSWiVpmaTPr2Zb0r', 'cNH7rGlPAQzEVsdLaopE', 100, 0, '', '', NULL, '2020-06-17 10:56:48', '2020-06-17 10:56:48'),
('uibBg0ZETrjXxvMILGq0', 'QTN', '1VShp3DqGd9NSLLbavBK', 'cNH7rGlPAQzEVsdLaopE', 35, 30, 'Nhiệt độ trong vùng an toàn', 'Nhiệt độ trong vùng cảnh báo', NULL, '2020-06-17 10:56:48', '2020-06-17 10:56:48'),
('ur3bpl50RXZSy7ouQLAt', 'QTN', 'ERWI2xnr8waFWJKA1anW', 'XTuSjubAZ2OZPiZg4zpc', 100, 0, '', '', NULL, '2020-06-17 10:56:48', '2020-06-17 10:56:48'),
('UW82QZggsfJNizESxF5J', 'QTN', 'S4RaxtZZ6M66GJ7bTDl5', 'p1R0HGiFGdyZFBuLse5b', 0.05, 0, '', '', NULL, '2020-06-18 04:22:17', '2020-06-18 04:22:17'),
('vA31D9eeGP4GCiMX6MwO', 'QTK', 'm9Bgth2ILQle2nJo5Qzi', '96uhrqbLC02Q9tjMwPbH', 30000, 0, '', '', NULL, '2020-06-17 10:56:48', '2020-06-17 10:56:48'),
('VifCiaL6r05fRdwcmbso', 'QTN', 'K9Qk76PktTkKLLsFjOjl', 'XTuSjubAZ2OZPiZg4zpc', 100, 0, '', '', NULL, '2020-06-17 10:56:48', '2020-06-17 10:56:48'),
('vxfOJPLMDQYDNNNIMyEV', 'QTK', 'HZRtXK5QYiUGjgO7NRZy', 'iCXwberyd08CDMLPEPtI', 30000, 0, '', '', NULL, '2020-06-17 10:56:48', '2020-06-17 10:56:48'),
('vY0Rsur8BhGf97GsLJAC', 'QTN', 'jxOsTimJ3R0HaM1yKPKv', 'cNH7rGlPAQzEVsdLaopE', 100, 0, '', '', NULL, '2020-06-17 10:56:48', '2020-06-17 10:56:48'),
('wapUBH8hC2ZSUEPt9sNx', 'QTN', 'UMuJlXJNv1Z9l5rqt7wa', 'p1R0HGiFGdyZFBuLse5b', 0.5, 0, '', '', NULL, '2020-06-18 04:27:06', '2020-06-18 04:27:06'),
('WeYFM94wEQPfrLGuiBk2', 'QTN', 'bKQCfwFLq7SZ1U8iX0iC', 'p1R0HGiFGdyZFBuLse5b', 10, 0, '', '', NULL, '2020-06-18 04:16:34', '2020-06-18 04:16:34'),
('XiGo3KvIZNe995b5lNTZ', 'QTK', 'HZRtXK5QYiUGjgO7NRZy', '96uhrqbLC02Q9tjMwPbH', 30000, 0, '', '', NULL, '2020-06-17 10:56:48', '2020-06-17 10:56:48'),
('ydbqNv2TPgq2f15GQnd9', 'QTN', 'J0ZJ4wGE1K9b1yWPA1AA', 'p1R0HGiFGdyZFBuLse5b', 1000, 6, '', '', NULL, '2020-06-18 04:16:59', '2020-06-18 04:16:59'),
('YPgdx9lh3WuypDMdq4vr', 'QTK', '56GgjhXp43IIxoRFc7Yl', 'iCXwberyd08CDMLPEPtI', 30000, 0, 'Hướng gió vùng an toàn', 'Hướng gió vùng cảnh báo', NULL, '2020-06-17 10:56:48', '2020-06-17 10:56:48'),
('yPq1mVRYuZcQB764RRk8', 'QTN', 'q4uOOkJsYMfo8f7drMLn', 'p1R0HGiFGdyZFBuLse5b', 0.1, 0, '', '', NULL, '2020-06-18 04:27:33', '2020-06-18 04:27:33');


INSERT INTO permissions VALUES
('11qPomXM73PWqYKXzYwk', 'edit_data', N'Chỉnh sửa dữ liệu', 1),
('12qPomXM73PWqYKXzYwk', 'delete_data', N'Xóa dữ liệu', 1),
('13qPomXM73PWqYKXzYwk', 'insert_data', N'Thêm dữ liệu', 1),
('14qPomXM73PWqYKXzYwk', 'view_station_config', N'Xem thông tin trạm', 1),
('15qPomXM73PWqYKXzYwk', 'edit_station_config', N'Sửa thông tin trạm', 1),
('16qPomXM73PWqYKXzYwk', 'insert_station', N'Thêm mới trạm', 1),
('17qPomXM73PWqYKXzYwk', 'delete_station', N'Xóa trạm', 1),
('18qPomXM73PWqYKXzYwk', 'view_camera_info', N'Xem thông tin camera', 1),
('19qPomXM73PWqYKXzYwk', 'edit_camera_info', N'Sửa thông tin camera', 1),
('20qPomXM73PWqYKXzYwk', 'insert_camera', N'Thêm mới camera', 1),
('21qPomXM73PWqYKXzYwk', 'delete_camera', N'Xóa camera', 1),
('22qPomXM73PWqYKXzYwk', 'view_stream_camera', N'Xem camera trực tuyến', 1),
('23qPomXM73PWqYKXzYwk', 'sample_control', N'Điều khiển lấy mẫu', 1),
('24qPomXM73PWqYKXzYwk', 'check_station_location', N'Kiểm tra vị trí trạm quan trắc', 1),
('25qPomXM73PWqYKXzYwk', 'view_monitoring_group', N'Xem thông tin nhóm quan trắc', 1),
('26qPomXM73PWqYKXzYwk', 'edit_monitoring_group', N'Sửa thông tin nhóm quan trắc', 1),
('27qPomXM73PWqYKXzYwk', 'insert_monitoring_group', N'Thêm thông tin nhóm quan trắc', 1),
('28qPomXM73PWqYKXzYwk', 'delete_monitoring_group', N'Xóa nhóm quan trắc', 1),
('29qPomXM73PWqYKXzYwk', 'view_indicator', N'Xem chỉ số', 1),
('30qPomXM73PWqYKXzYwk', 'edit_indicator', N'Sửa chỉ số', 1),
('31qPomXM73PWqYKXzYwk', 'insert_indicator', N'Thêm chỉ số', 1),
('32qPomXM73PWqYKXzYwk', 'delete_indicator', N'Xóa chỉ số', 1),
('33qPomXM73PWqYKXzYwk', 'view_indicator_threshold', N'Xem ngưỡng chí số', 1),
('34qPomXM73PWqYKXzYwk', 'edit_indicator_threshold', N'Sửa ngưỡng chỉ số', 1),
('35qPomXM73PWqYKXzYwk', 'insert_indicator_threshold', N'Thêm ngưỡng chỉ số', 1),
('36qPomXM73PWqYKXzYwk', 'delete_indicator_threshold', N'Xóa ngưỡng chỉ số', 1),
('37qPomXM73PWqYKXzYwk', 'view_user_group', N'Xem thông tin nhóm người dùng', 1),
('38qPomXM73PWqYKXzYwk', 'edit_user_group', N'Sửa thông tin nhóm người dùng', 1),
('39qPomXM73PWqYKXzYwk', 'insert_user_group', N'Thêm nhóm người dùng', 1),
('40qPomXM73PWqYKXzYwk', 'delete_user_group', N'Xóa nhóm người dùng', 1),
('41qPomXM73PWqYKXzYwk', 'view_user_info', 'NXem thông tin người dùng', 1),
('42qPomXM73PWqYKXzYwk', 'edit_user_info', N'Sửa thông tin người dùng', 1),
('43qPomXM73PWqYKXzYwk', 'insert_user', N'Thêm người dùng', 1),
('44qPomXM73PWqYKXzYwk', 'delete_user', N'Xóa người dùng', 1),
('45qPomXM73PWqYKXzYwk', 'view_general_report', N'Xem báo cáo tổng quát', 1),
('46qPomXM73PWqYKXzYwk', 'view_specific_report', N'Xem báo cáo chi tiết', 1),
('47qPomXM73PWqYKXzYwk', 'export_report', N'Export báo cáo', 1),
('48qPomXM73PWqYKXzYwk', 'view_activity_diary', N'Xem nhật ký', 1),
('49qPomXM73PWqYKXzYwk', 'delete_activity_diary', N'Xóa nhật ký', 1),
('50qPomXM73PWqYKXzYwk', 'export_diary', N'Xuất nhật ký', 1),
('52qPomXM73PWqYKXzYwk', 'view_system_config', N'Xem hệ thống', 1),
('53qPomXM73PWqYKXzYwk', 'edit_system_config', N'Sửa dữ liệu hệ thống', 1),
('54qPomXM73PWqYKXzYwk', 'upload_data', N'Nhập số liệu ', 1),
('55qPomXM73PWqYKXzYwk', 'auto_update_station', N'Tự động cập nhật trạm mới', 1);

INSERT INTO characters VALUES
('2GStauJg3CXg6r5KxKyo', N'Lãnh đạo Sở', 1),
('g9ll9cvHnT23DTPavzW5', N'Cán bộ quản lý trạm', 0),
('SAyEdvcsTETcIdfH6FtB', N'Quan tri he thong', 1);

INSERT INTO character_permission VALUES
('08n9Z3BhEZk9qB3hGKor', 'SAyEdvcsTETcIdfH6FtB', '11qPomXM73PWqYKXzYwk', 1),
('0iQWSwjX8UktqOrNtMeG', 'g9ll9cvHnT23DTPavzW5', '37qPomXM73PWqYKXzYwk', 1),
('1oMaHGRtOnEtPQ1NN3Oe', 'SAyEdvcsTETcIdfH6FtB', '53qPomXM73PWqYKXzYwk', 1),
('1Uo3vxHNdGKZTbHWSHIh', '2GStauJg3CXg6r5KxKyo', '24qPomXM73PWqYKXzYwk', 1),
('2bwbkqiS6F1piuMZ5r33', 'SAyEdvcsTETcIdfH6FtB', '23qPomXM73PWqYKXzYwk', 1),
('2UDyeMi3d9Yknjvd9kLl', '2GStauJg3CXg6r5KxKyo', '47qPomXM73PWqYKXzYwk', 1),
('34jDJRGCfsOieXB0QUK2', '2GStauJg3CXg6r5KxKyo', '25qPomXM73PWqYKXzYwk', 1),
('3btyJ63KXRQOIuASUqWu', 'g9ll9cvHnT23DTPavzW5', '44qPomXM73PWqYKXzYwk', 1),
('4TnItYovnnhfeLKqLG3X', '2GStauJg3CXg6r5KxKyo', '49qPomXM73PWqYKXzYwk', 1),
('5kBfGvypIxlRQuDcYZ6J', '2GStauJg3CXg6r5KxKyo', '28qPomXM73PWqYKXzYwk', 1),
('5tneD2JtjYK4g4Znz2eO', '2GStauJg3CXg6r5KxKyo', '22qPomXM73PWqYKXzYwk', 1),
('5yfySuHPD6kLMQdrkov6', 'g9ll9cvHnT23DTPavzW5', '48qPomXM73PWqYKXzYwk', 1),
('6GZW4upgkepP4qtVwO60', '2GStauJg3CXg6r5KxKyo', '44qPomXM73PWqYKXzYwk', 1),
('71EgyH1IgudiU7TqmO1c', 'g9ll9cvHnT23DTPavzW5', '45qPomXM73PWqYKXzYwk', 1),
('7bKl7zL78kyztpvIybfb', 'g9ll9cvHnT23DTPavzW5', '41qPomXM73PWqYKXzYwk', 1),
('7WzXoOGYahSBb54uTjM2', 'g9ll9cvHnT23DTPavzW5', '53qPomXM73PWqYKXzYwk', 1),
('85bGmVfUum0M990lq6eW', '2GStauJg3CXg6r5KxKyo', '33qPomXM73PWqYKXzYwk', 1),
('9SJGkhTPFe5iRWAehuQG', 'g9ll9cvHnT23DTPavzW5', '40qPomXM73PWqYKXzYwk', 1),
('apYEw7RvXGFIJYJFKmCL', '2GStauJg3CXg6r5KxKyo', '53qPomXM73PWqYKXzYwk', 1),
('b3Uj4TI52FoTJd6r0YVa', 'g9ll9cvHnT23DTPavzW5', '28qPomXM73PWqYKXzYwk', 1),
('BDkdrxNaq1JpZJzBS5Sq', '2GStauJg3CXg6r5KxKyo', '50qPomXM73PWqYKXzYwk', 1),
('BmBf7gsUqYZ78uefnSAH', 'SAyEdvcsTETcIdfH6FtB', '45qPomXM73PWqYKXzYwk', 1),
('bO4BGyarIfxgJaSRDXNg', 'SAyEdvcsTETcIdfH6FtB', '16qPomXM73PWqYKXzYwk', 1),
('BOvcrmZKm0sxsghBHPuz', '2GStauJg3CXg6r5KxKyo', '39qPomXM73PWqYKXzYwk', 1),
('BqXLJklUdqG7qCgutDAn', 'SAyEdvcsTETcIdfH6FtB', '14qPomXM73PWqYKXzYwk', 1),
('bSDNBpjOEAL6hhSM9Vt3', 'SAyEdvcsTETcIdfH6FtB', '46qPomXM73PWqYKXzYwk', 1),
('BxGY09NYXabf8PGaq8ii', '2GStauJg3CXg6r5KxKyo', '46qPomXM73PWqYKXzYwk', 1),
('cltM4H5IPTvzcgOQaYNp', 'SAyEdvcsTETcIdfH6FtB', '29qPomXM73PWqYKXzYwk', 1),
('CuN7wU1fJGSjrTvAYGzL', 'SAyEdvcsTETcIdfH6FtB', '33qPomXM73PWqYKXzYwk', 1),
('dHX09OZpOTaR1Oll9q90', '2GStauJg3CXg6r5KxKyo', '27qPomXM73PWqYKXzYwk', 1),
('DJEgoxbcpMuRHcT0MLE1', '2GStauJg3CXg6r5KxKyo', '29qPomXM73PWqYKXzYwk', 1),
('dtmObszChLeMEPMvrQrQ', '2GStauJg3CXg6r5KxKyo', '16qPomXM73PWqYKXzYwk', 1),
('DZyb5uBLqzmcvkbMMHrJ', 'SAyEdvcsTETcIdfH6FtB', '27qPomXM73PWqYKXzYwk', 1),
('e6OtlNxfyuB4Sy5DSGlh', 'SAyEdvcsTETcIdfH6FtB', '22qPomXM73PWqYKXzYwk', 1),
('E7YmK5HABA1ar122ERJW', 'SAyEdvcsTETcIdfH6FtB', '48qPomXM73PWqYKXzYwk', 1),
('ehhq1KH64YyOnc2ozNPt', 'SAyEdvcsTETcIdfH6FtB', '34qPomXM73PWqYKXzYwk', 1),
('etbwFtCwuaxRHcvySwOH', 'SAyEdvcsTETcIdfH6FtB', '31qPomXM73PWqYKXzYwk', 1),
('EvuPacN1dEjmlWItY42i', 'SAyEdvcsTETcIdfH6FtB', '13qPomXM73PWqYKXzYwk', 1),
('Exbk196JzLljxDLEzq5q', 'SAyEdvcsTETcIdfH6FtB', '50qPomXM73PWqYKXzYwk', 1),
('eXEOVl3cjrEuqpPXgjVP', '2GStauJg3CXg6r5KxKyo', '30qPomXM73PWqYKXzYwk', 1),
('f1KjPTmXKj6LGAaa2ARh', 'g9ll9cvHnT23DTPavzW5', '34qPomXM73PWqYKXzYwk', 1),
('fH5W8JElG13rMc7UUsE8', 'SAyEdvcsTETcIdfH6FtB', '41qPomXM73PWqYKXzYwk', 1),
('fI8vz8kplxMb4lWMycqe', 'SAyEdvcsTETcIdfH6FtB', '26qPomXM73PWqYKXzYwk', 1),
('fONrUDXBfa15z3Sl0o0y', 'SAyEdvcsTETcIdfH6FtB', '37qPomXM73PWqYKXzYwk', 1),
('fp8yg0CfH9c0C6WKvDAo', 'g9ll9cvHnT23DTPavzW5', '27qPomXM73PWqYKXzYwk', 1),
('FUUnA9Cjc3rlTJk3BEmm', '2GStauJg3CXg6r5KxKyo', '36qPomXM73PWqYKXzYwk', 1),
('FvcUVro3qexFRX2mcAPQ', 'SAyEdvcsTETcIdfH6FtB', '39qPomXM73PWqYKXzYwk', 1),
('FZEnGTRCfwCRp0nzdHQ6', '2GStauJg3CXg6r5KxKyo', '13qPomXM73PWqYKXzYwk', 1),
('fZODNRL18o6074zQdYgy', 'g9ll9cvHnT23DTPavzW5', '32qPomXM73PWqYKXzYwk', 1),
('GEFGc0K7dEgLRa42bQZt', '2GStauJg3CXg6r5KxKyo', '34qPomXM73PWqYKXzYwk', 1),
('ggbXUEQC8AX9vYnV2U0j', 'SAyEdvcsTETcIdfH6FtB', '55qPomXM73PWqYKXzYwk', 1),
('gj3UHPtQO44h7COFynj1', '2GStauJg3CXg6r5KxKyo', '45qPomXM73PWqYKXzYwk', 1),
('GsJ10vtAHUuq5wawFXq1', 'SAyEdvcsTETcIdfH6FtB', '47qPomXM73PWqYKXzYwk', 1),
('gxo17APx4lhQ89qYn8Mm', 'g9ll9cvHnT23DTPavzW5', '39qPomXM73PWqYKXzYwk', 1),
('h2RpmMRrsLDpgZQbHMWr', 'g9ll9cvHnT23DTPavzW5', '22qPomXM73PWqYKXzYwk', 1),
('hc2IkAotzRDwNF51tih6', 'g9ll9cvHnT23DTPavzW5', '31qPomXM73PWqYKXzYwk', 1),
('heS5ZFRvnETJtcCcoBAx', 'g9ll9cvHnT23DTPavzW5', '18qPomXM73PWqYKXzYwk', 1),
('htwpJDxvtrFN3LuH8yAm', 'g9ll9cvHnT23DTPavzW5', '14qPomXM73PWqYKXzYwk', 1),
('HyamOoHGsMahJUG0kPuv', 'SAyEdvcsTETcIdfH6FtB', '32qPomXM73PWqYKXzYwk', 1),
('HZQ1fh4QLOhgluTFhLzT', 'g9ll9cvHnT23DTPavzW5', '17qPomXM73PWqYKXzYwk', 1),
('HZR5hYCy6Km5ZlIk0Syk', 'SAyEdvcsTETcIdfH6FtB', '18qPomXM73PWqYKXzYwk', 1),
('IaI5HPm1EQ3juaJciCwH', '2GStauJg3CXg6r5KxKyo', '12qPomXM73PWqYKXzYwk', 0),
('ibnA8Wdtd0lX6YRkMxqD', 'SAyEdvcsTETcIdfH6FtB', '35qPomXM73PWqYKXzYwk', 1),
('icwqFasRJdeWCTNT2Tmg', 'SAyEdvcsTETcIdfH6FtB', '43qPomXM73PWqYKXzYwk', 1),
('IFvtBFfSQJbWprH29DXN', '2GStauJg3CXg6r5KxKyo', '48qPomXM73PWqYKXzYwk', 1),
('IhyWjvFr9qyf3FHFIKPQ', 'g9ll9cvHnT23DTPavzW5', '29qPomXM73PWqYKXzYwk', 1),
('It1Cfuu0Be5wpBN51Ut7', 'g9ll9cvHnT23DTPavzW5', '52qPomXM73PWqYKXzYwk', 1),
('jfLbliGdmHOVcqvZTQqX', '2GStauJg3CXg6r5KxKyo', '15qPomXM73PWqYKXzYwk', 1),
('JlbB6O0aunXSd94IrKrd', 'SAyEdvcsTETcIdfH6FtB', '40qPomXM73PWqYKXzYwk', 1),
('JrQCxszNOplPSKG6VpzM', '2GStauJg3CXg6r5KxKyo', '21qPomXM73PWqYKXzYwk', 1),
('jtdFphggaiHM6s11BUFM', '2GStauJg3CXg6r5KxKyo', '37qPomXM73PWqYKXzYwk', 1),
('jYQkOA8i783oMsQlqCTu', 'SAyEdvcsTETcIdfH6FtB', '49qPomXM73PWqYKXzYwk', 1),
('jzf3lmLzeZQ7RAhXN2UQ', '2GStauJg3CXg6r5KxKyo', '14qPomXM73PWqYKXzYwk', 1),
('KCnnQBGRiAsJMIUHYNTt', 'SAyEdvcsTETcIdfH6FtB', '15qPomXM73PWqYKXzYwk', 1),
('kJPApq5hScM12YR9nRU4', 'g9ll9cvHnT23DTPavzW5', '23qPomXM73PWqYKXzYwk', 1),
('KuPhwl9oXsZn2CszIOT4', 'g9ll9cvHnT23DTPavzW5', '26qPomXM73PWqYKXzYwk', 1),
('LC27IAXNCb0jyNGshG4l', '2GStauJg3CXg6r5KxKyo', '54qPomXM73PWqYKXzYwk', 1),
('mGTdPPQIzdefL57qD66I', 'g9ll9cvHnT23DTPavzW5', '55qPomXM73PWqYKXzYwk', 1),
('mtAGtnzAqKrtwln7xELg', 'SAyEdvcsTETcIdfH6FtB', '21qPomXM73PWqYKXzYwk', 1),
('N7cB2SpH8xl31kP0ez7x', 'g9ll9cvHnT23DTPavzW5', '47qPomXM73PWqYKXzYwk', 1),
('NEgSFDchXusPMZKoWMnE', 'g9ll9cvHnT23DTPavzW5', '42qPomXM73PWqYKXzYwk', 1),
('nFfGoJTIBZt0i1966xrl', 'g9ll9cvHnT23DTPavzW5', '30qPomXM73PWqYKXzYwk', 1),
('nvHiMtpI4NPqKayiT7ta', 'g9ll9cvHnT23DTPavzW5', '38qPomXM73PWqYKXzYwk', 1),
('NZVjfV8TincjB7BBztf6', 'SAyEdvcsTETcIdfH6FtB', '17qPomXM73PWqYKXzYwk', 1),
('oHAILBEtXFK10qTPK4SQ', 'g9ll9cvHnT23DTPavzW5', '46qPomXM73PWqYKXzYwk', 1),
('OP25x4t2XqwMCqB0VrDI', '2GStauJg3CXg6r5KxKyo', '43qPomXM73PWqYKXzYwk', 1),
('oucu8JWM5vQEV8gIwzpZ', 'SAyEdvcsTETcIdfH6FtB', '36qPomXM73PWqYKXzYwk', 1),
('pE5zMHqDTHZlTeBa3nl9', 'g9ll9cvHnT23DTPavzW5', '21qPomXM73PWqYKXzYwk', 1),
('Pj3O4EsZcKExeDEDyQwf', 'g9ll9cvHnT23DTPavzW5', '11qPomXM73PWqYKXzYwk', 0),
('pN3Njjmbd8EuBdiHDJHf', '2GStauJg3CXg6r5KxKyo', '19qPomXM73PWqYKXzYwk', 1),
('py528hUddKraLSwvd7x9', 'g9ll9cvHnT23DTPavzW5', '16qPomXM73PWqYKXzYwk', 1),
('qGJrtipGqIfFpFcUl8yb', 'g9ll9cvHnT23DTPavzW5', '50qPomXM73PWqYKXzYwk', 1),
('qjYfnOFNdgSVp4daMWta', '2GStauJg3CXg6r5KxKyo', '26qPomXM73PWqYKXzYwk', 1),
('qPhv4OfM1iHMLgDV5XU8', '2GStauJg3CXg6r5KxKyo', '31qPomXM73PWqYKXzYwk', 1),
('QsffTeuX6Jib0oLW6Xbn', 'g9ll9cvHnT23DTPavzW5', '12qPomXM73PWqYKXzYwk', 0),
('RrqDMX6SzmbodobTu31I', 'g9ll9cvHnT23DTPavzW5', '24qPomXM73PWqYKXzYwk', 1),
('RuiYB4xQku23bb7QX25T', 'SAyEdvcsTETcIdfH6FtB', '30qPomXM73PWqYKXzYwk', 1),
('s5PgXdjUlnFFlMSE0F1O', 'g9ll9cvHnT23DTPavzW5', '35qPomXM73PWqYKXzYwk', 1),
('sGFrATg31jCBrL47rzpm', '2GStauJg3CXg6r5KxKyo', '23qPomXM73PWqYKXzYwk', 1),
('SIfWG7ioNnY0z2Zy5htu', 'SAyEdvcsTETcIdfH6FtB', '54qPomXM73PWqYKXzYwk', 1),
('TbTPPfyMyPc2RhBFO7bz', '2GStauJg3CXg6r5KxKyo', '52qPomXM73PWqYKXzYwk', 1),
('te9iuSKVacRiYR7N86XF', 'g9ll9cvHnT23DTPavzW5', '54qPomXM73PWqYKXzYwk', 1),
('teIQbX3riuUhwfYqaZjN', 'SAyEdvcsTETcIdfH6FtB', '42qPomXM73PWqYKXzYwk', 1),
('ttbXUEQC8AX9vYnV2U0j', '2GStauJg3CXg6r5KxKyo', '55qPomXM73PWqYKXzYwk', 1),
('tUlSOKjtgbeJwK27xm9v', 'SAyEdvcsTETcIdfH6FtB', '19qPomXM73PWqYKXzYwk', 1),
('u5S80o3m6Tlue0wfUMoR', 'g9ll9cvHnT23DTPavzW5', '20qPomXM73PWqYKXzYwk', 1),
('UlBFzNLcAjEjAKZjmBAF', 'g9ll9cvHnT23DTPavzW5', '33qPomXM73PWqYKXzYwk', 1),
('UsDAde3FExhNxplQ0FRa', '2GStauJg3CXg6r5KxKyo', '35qPomXM73PWqYKXzYwk', 1),
('uvcxcWcjrzczvzOk7XmO', 'SAyEdvcsTETcIdfH6FtB', '20qPomXM73PWqYKXzYwk', 1),
('Wb4He3oWihuBgstFbgc5', '2GStauJg3CXg6r5KxKyo', '42qPomXM73PWqYKXzYwk', 1),
('WcZOpVk0D56n8gJwYgiz', '2GStauJg3CXg6r5KxKyo', '40qPomXM73PWqYKXzYwk', 1),
('wdfdTG631bXuF407wxeN', 'SAyEdvcsTETcIdfH6FtB', '25qPomXM73PWqYKXzYwk', 1),
('wvGSHDqHe12CD2lznsVs', 'SAyEdvcsTETcIdfH6FtB', '12qPomXM73PWqYKXzYwk', 1),
('WWRxgqI5Eu4nNSHoVyu0', 'g9ll9cvHnT23DTPavzW5', '13qPomXM73PWqYKXzYwk', 0),
('wwSQrIrMqMvNxFJsNreh', '2GStauJg3CXg6r5KxKyo', '11qPomXM73PWqYKXzYwk', 0),
('wYpUCT24OPmHmkcKIXub', 'g9ll9cvHnT23DTPavzW5', '49qPomXM73PWqYKXzYwk', 1),
('x6IPYbW9hN9IlL90H2ST', 'SAyEdvcsTETcIdfH6FtB', '52qPomXM73PWqYKXzYwk', 1),
('XCutVIQYs9yBxwqBeq7g', '2GStauJg3CXg6r5KxKyo', '32qPomXM73PWqYKXzYwk', 1),
('XndRp7Q9zglXE05Q0mWj', 'g9ll9cvHnT23DTPavzW5', '43qPomXM73PWqYKXzYwk', 1),
('xpK4khWrFM9430LxSVs6', 'SAyEdvcsTETcIdfH6FtB', '28qPomXM73PWqYKXzYwk', 1),
('xQCobjyLI9RZsN2UKh5q', 'SAyEdvcsTETcIdfH6FtB', '24qPomXM73PWqYKXzYwk', 1),
('YDLxlMyrNjBoeErGkf3Z', 'SAyEdvcsTETcIdfH6FtB', '38qPomXM73PWqYKXzYwk', 1),
('YhXqNnKWFjVR153ZQTqX', 'SAyEdvcsTETcIdfH6FtB', '44qPomXM73PWqYKXzYwk', 1),
('yP1FmPpm1UBt9RhZaGgu', 'g9ll9cvHnT23DTPavzW5', '36qPomXM73PWqYKXzYwk', 1),
('Yv3doAgc6SZX6c2K6N1C', '2GStauJg3CXg6r5KxKyo', '17qPomXM73PWqYKXzYwk', 1),
('Yw7gUAEVjeeny90ooB0x', 'g9ll9cvHnT23DTPavzW5', '25qPomXM73PWqYKXzYwk', 1),
('YZzKn1tkAGmjC2tXpUxp', '2GStauJg3CXg6r5KxKyo', '18qPomXM73PWqYKXzYwk', 1),
('zDHLCq6bI6tKmg5jfhQX', '2GStauJg3CXg6r5KxKyo', '38qPomXM73PWqYKXzYwk', 1),
('zDPuBFO8hXqVBtibjIw2', '2GStauJg3CXg6r5KxKyo', '41qPomXM73PWqYKXzYwk', 1),
('ze8daK3ibQU9CXIYYyez', 'g9ll9cvHnT23DTPavzW5', '15qPomXM73PWqYKXzYwk', 1),
('zHbXUEQC8AX9vYnV2U0j', '2GStauJg3CXg6r5KxKyo', '20qPomXM73PWqYKXzYwk', 1),
('ZkK25IdMt5TpsCi7dWv0', 'g9ll9cvHnT23DTPavzW5', '19qPomXM73PWqYKXzYwk', 1);

INSERT INTO managers VALUES
('38PEdMTB0rUcsEvyFruV', '2GStauJg3CXg6r5KxKyo', N'Lê Hà Thanh', 'thanhlh@danang.gov.vn', '$2b$10$fSEdQdZBStfJ8WwOcNAWpOPaZZ9c/XFtOiCZZoByRJ1FyAsLtVcyK', '0905686756', N'Phòng CNTT Sở TNMT', '', 1, 0, NULL, '2020-06-19 03:16:32', '2020-06-19 03:16:32'),
('eYalbMK7hA9LuufWeLcK', 'SAyEdvcsTETcIdfH6FtB', N'Bạch Quốc Việt', 'vietbq@centic.vn', '$2b$10$3ZGZVyAfE2biRuFXaloiF.s4rCeXGFX3zz6cUtguGXvxfNgAORb8O', '0968405800', N'Trung tâm vi mạch Đà Nẵng', N'15 Quang Trung Hải Châu, Đà Nẵng', 1, 0, NULL, '2020-06-17 10:56:57', '2020-06-17 10:56:57'),
('hlWl0fKzSMAQTyKXsRM5', 'SAyEdvcsTETcIdfH6FtB', N'Đỗ Hữu Tín', 'tindh@centic.vn', '$2b$10$oC4H4EcytzlGX4sk.nuBsOu940IraiPQL8GRLGPDEb7ht8Q1lbHba', '0123456789', N'Trung tâm vi mạch Đà Nẵng', N'15 Quang Trung Hải Châu, Đà Nẵng', 1, 0, NULL, '2020-06-17 10:56:57', '2020-06-17 10:56:57'),
('q3qtbssJEL98WM69wpIc', 'SAyEdvcsTETcIdfH6FtB', N'Trương Quốc Việt', 'Viettq9@danang.gov.vn', '$2b$10$kvPyn0BYuQ//5CwDs1Rup.UYnBsKXHbS63/GxrGDdvxQTnO7FFN0y', '07762542412', N'Phòng CNTT Sở TNMT', '', 1, 0, NULL, '2020-06-19 03:10:56', '2020-06-19 03:10:56');

INSERT INTO manager_access_tokens VALUES
('Ft27zJd0sa1xUUa9FVG5nz82Dx1nJLjJmwdxb5sF', '38PEdMTB0rUcsEvyFruV', NULL),
('lGVrWRmo2S9FvWNKS2KzqWUgpMdUBkOU7XRucUd4', 'eYalbMK7hA9LuufWeLcK', NULL),
('OuwEcx6eyNlmeTw44swxVd2Jo25wIBBYY5Mlxhuc', 'q3qtbssJEL98WM69wpIc', NULL),
('RSYU0E4hBk8Z3LSOqYS1QC1y1Ls4oitANQLPW0p8', 'hlWl0fKzSMAQTyKXsRM5', NULL);